{
    "normals":[0,0,1,-1,0,-0,-0,0,1,1,-0,0],
    "metadata":{
        "normals":4,
        "type":"Geometry",
        "vertices":12,
        "generator":"io_three",
        "uvs":0,
        "faces":5,
        "version":3
    },
    "vertices":[-3.98948,0.00932425,3.99254,-3.98948,3.7035,3.99254,4.39198,0.00932425,3.99254,4.39198,3.7035,3.99254,-3.28845,0.00932395,-2.76615,-3.28845,3.7035,-2.76615,-3.28845,0.00932425,3.99254,-3.28845,3.7035,3.99254,3.24756,3.7035,-2.76615,3.24756,0.00932425,3.99254,3.24756,0.00932395,-2.76615,3.24756,3.7035,3.99254],
    "faces":[33,1,0,6,7,0,0,0,0,33,8,10,9,11,1,1,1,1,33,2,3,11,9,2,2,2,2,33,4,10,8,5,0,0,0,0,33,5,7,6,4,3,3,3,3],
    "uvs":[]
}