{
    "normals":[1,0,0,0,-0,1,0,-1,0,-0,0,-1,1.86841e-08,1,-4.27124e-08,1.95438e-08,1,-4.50511e-08,1.11722e-08,1,-5.12986e-08,2.28475e-08,1,-4.25707e-08,1.93299e-08,1,-4.35337e-08,1.95438e-08,1,-4.32949e-08,-1,0,0,0,-0,1,-0,-1,-0,0,-1,0,0,-1,8.01331e-08,0,-1,-0,1,0,4.00665e-08,-1,-0,0,0,0,-1,0,0,1,0,1,-4.41795e-08,-0,-1,0,0,1.20025e-07,1,0,-1.20025e-07,-1,0,1,-4.41795e-08,1,0,5.8906e-08,0,1,0,-1,0,-0,-0,0,1,-0,-5.91573e-08,-1,0,-7.05894e-08,-1,3.84208e-07,0,-1,1,1.1914e-14,4.00665e-08,1,-0,0,1,0,-0,0,0,0,1,0,0,1,-0,-0,1,-6.87003e-08,5.8906e-08,1,2.97355e-07,-7.3238e-14,0,-6.99522e-08,-1,-0,-6.99522e-08,-1,1,0,5.8906e-08,-0,7.18622e-08,1,0,8.69286e-08,1,3.66916e-07,0,1,0,-1.2284e-07,-1,0,-2.97355e-07,-1,-0,5.82407e-08,1,-3.18923e-08,6.99521e-08,1,-1.89766e-10,7.07802e-08,1,-1,0,0,1,7.73047e-08,4.75368e-08,0.387469,-0.921883,5.67645e-08,1,1.49753e-07,4.75368e-08,-0,0,-1,0,7.01701e-08,1,-0,0,1,0,7.05894e-08,1,-1,0,-0,-1,-0,-0,0,-1,-0.000309648,0.00162024,-0.999999,6.83398e-08,1.42109e-14,1,-4.47035e-08,1,2.82761e-07,2.83122e-07,-2.57045e-07,-4.94833e-07,1,-1,-7.5403e-07,-2.38419e-07,1.78814e-07,1.13104e-06,-1,1.49012e-08,1,-9.18105e-08,1,1.85678e-07,5.81467e-07,-2.38419e-07,-4.95144e-07,1,-1,-4.33251e-07,-4.59052e-07,2.23517e-07,8.04609e-07,-1],
    "vertices":[-3.98372,0.012624,3.98846,3.99159,0.0126239,3.98846,3.99159,4.29296,3.98846,-2.67932,0.0126237,-3.98126,-2.67932,4.29296,-3.98126,2.65782,4.29296,-3.98126,2.65782,0.0126235,-3.98126,-3.98372,0.012624,2.96159,-3.98372,4.29296,2.96159,-2.67932,4.29296,2.96159,2.65782,4.29296,2.96159,-3.98372,4.29296,-2.98898,3.99159,0.0126236,-2.98898,-2.67932,4.29296,-2.98898,-2.67932,0.0126237,-2.98898,2.65782,4.29296,-2.98898,2.65782,0.0126236,-2.98898,-3.98372,0.0126237,-2.98898,3.99159,4.29296,-2.98898,-3.98372,4.1063,-2.98898,2.65782,4.1063,-3.98126,3.99159,4.1063,3.98846,-3.98372,4.1063,3.98846,-2.67932,4.1063,-3.98126,2.65782,4.1063,3.98846,-2.67932,4.1063,-2.98898,2.65782,4.1063,-2.98898,-3.98372,4.1063,2.96159,-2.67932,4.1063,2.96159,2.65782,4.1063,2.96159,-3.98372,4.29296,2.02647,-3.98372,4.29296,-2.02097,3.99159,0.974497,2.02647,3.99159,0.974497,-2.02097,3.99159,2.9609,2.02647,3.99159,2.9609,-2.02097,-3.98372,2.91614,-2.98898,-3.98372,2.91614,2.02647,-3.98372,2.91614,-2.02097,-3.98372,0.97524,2.96159,-3.98372,0.97524,-2.98898,-3.98372,0.97524,2.02647,-3.98372,0.97524,-2.02097,3.37104,4.29296,3.98846,3.37104,0.0126239,3.98846,3.37104,0.0126236,-2.98898,3.37104,4.29296,-2.02097,3.37104,0.974497,2.02647,3.37104,4.29296,-2.98898,3.37104,0.974497,-2.02097,3.37104,2.9609,2.02647,3.37104,2.9609,-2.02097,-3.33393,0.012624,2.96159,-3.33393,0.012624,3.98846,-3.33393,0.97524,2.96159,-3.33393,4.29296,-2.02097,-3.33393,4.29296,-2.98898,-3.33393,0.97524,-2.98898,-3.33393,0.0126237,-2.98898,-3.33393,4.1063,3.98846,-3.33393,4.1063,2.96159,-3.33393,4.29296,2.96159,-3.33393,4.29296,2.02647,-3.33393,0.97524,2.02647,-3.33393,0.97524,-2.02097,-3.33393,2.91614,-2.98898,-3.33393,2.91614,2.02647,-3.33393,2.91614,-2.02097,-3.98372,3.71793,-2.98898,-3.33393,3.71793,2.96159,-3.33393,3.71793,-2.98898,-3.98372,3.71718,2.96159,-3.33393,3.71718,2.96159,-3.33393,3.71718,3.98846,-3.98372,3.69988,-2.98898,-2.67932,3.69988,-3.98126,-2.67932,3.69988,-2.98898,-2.67932,3.67584,-3.98126,2.65782,3.67584,-3.98126,2.65782,3.65103,-3.98126,2.65782,3.65103,-2.98898,3.99159,3.64025,3.98846,3.37104,3.64025,3.98846,3.37104,3.64025,-2.98898,3.37104,3.64025,-2.02097,-3.98372,0.308874,2.96159,-3.33393,0.308874,2.96159,-3.33393,0.308874,3.98846,-3.98372,0.309462,2.96159,-3.98372,0.309462,-2.98898,-3.33393,0.309462,2.96159,-3.33393,0.309462,-2.98898,-3.33393,0.309462,2.02647,-3.33393,0.309462,-2.02097,-3.98372,0.302154,-2.98898,-2.67932,0.302154,-3.98126,-2.67932,0.302154,-2.98898,-2.67932,0.273644,-3.98126,2.65782,0.273644,-3.98126,3.99159,0.252447,-2.98898,2.65782,0.252447,-3.98126,2.65782,0.252447,-2.98898,3.99159,0.262711,3.98846,3.99159,0.262711,-2.98898,3.37104,0.262711,3.98846,3.37104,0.262711,-2.98898,3.37104,0.262711,-2.02097,3.99159,4.10846,-2.98898,3.99159,3.62446,-2.98898,2.65782,4.10029,-2.98898,2.65782,3.61731,-2.98898,1,0.0169822,-1.93308,1,0.0169823,0.066919,-1,0.0169823,0.0669189,-1,0.0169822,-1.93308,1,0.333175,-1.93308,0.999999,0.333175,0.0669196,-1,0.333175,0.0669187,-1,0.333175,-1.93308,1,0.0169823,0.574242,1,0.0169824,1.54806,-1,0.0169824,1.54806,-1,0.0169823,0.574242,1,0.498496,0.574243,0.999999,0.498496,1.54806,-1,0.498496,1.54806,-1,0.498496,0.574242],