{
    "metadata":{
        "type":"Geometry",
        "generator":"io_three",
        "version":3,
        "vertices":28,
        "normals":24,
        "uvs":0,
        "faces":38
    },
    "vertices":[-1.19209e-07,0.0320902,8.98808,3.57628e-07,0.0320892,-8.99117,-3.57628e-07,8.13994,8.18795,-1.19209e-07,0.237482,-0.500847,-3.57628e-07,4.11238,8.18795,-1.19209e-07,0.237482,0.484612,-3.57628e-07,3.95873,8.18795,-3.57628e-07,0.237483,8.18795,5.96046e-08,0.237482,-8.17069,5.96046e-08,3.95873,-8.17069,-1.19209e-07,3.95873,0.484611,-1.19209e-07,3.95873,-0.500847,5.96046e-08,4.11238,-8.17069,-1.19209e-07,4.11238,0.484611,-1.19209e-07,4.11238,-0.500847,5.96046e-08,8.13994,-8.17069,-1.19209e-07,8.13994,0.484611,-1.19209e-07,8.13994,-0.500847,5.96046e-08,8.32091,-8.17069,-1.19209e-07,8.32091,0.484611,-1.19209e-07,8.32091,-0.500847,-3.57628e-07,8.32091,8.18795,5.96046e-08,12.9272,-8.17069,-1.19209e-07,12.9272,0.484611,-1.19209e-07,12.9272,-0.500847,-3.57628e-07,12.9272,8.18795,5.96046e-08,13.2344,-8.99117,-3.57628e-07,13.2344,8.98808],
    "faces":[32,13,16,17,0,0,0,32,14,12,9,1,1,1,32,13,17,14,2,2,2,32,6,4,13,3,3,3,32,10,6,13,4,4,4,32,13,14,9,5,5,5,32,13,9,11,6,6,6,32,10,13,11,2,2,2,32,3,8,1,7,7,7,32,10,11,3,2,2,2,32,0,7,5,8,8,8,32,5,10,3,0,0,0,32,3,1,0,9,9,9,32,3,0,5,10,10,10,32,18,22,26,2,2,2,32,26,1,8,11,11,11,32,9,12,15,12,12,12,32,26,8,9,10,10,10,32,19,20,18,13,13,13,32,26,9,15,14,14,14,32,17,16,2,13,13,13,32,18,26,15,2,2,2,32,21,19,18,15,15,15,32,18,15,17,1,1,1,32,2,4,6,12,12,12,32,18,17,2,16,16,16,32,27,25,21,2,2,2,32,21,18,2,17,17,17,32,6,7,0,18,18,18,32,27,21,2,2,2,2,32,2,6,0,18,18,18,32,2,0,27,19,19,19,32,25,27,26,20,20,20,32,26,22,24,21,21,21,32,24,20,19,2,2,2,32,23,25,26,22,22,22,32,24,19,23,10,10,10,32,26,24,23,23,23,23],
    "uvs":[],
    "normals":[-1,0,0,-1,0,-2.33139e-08,-1,0,0,-1,-0,-3.095e-08,-1,0,-3.095e-08,-1,-1.16376e-06,0,-1,1.49525e-07,-2.33139e-08,-1,-1.35786e-06,-2.33138e-08,-1,-1.28137e-06,-3.09499e-08,-1,-1.22527e-06,-2.65215e-08,-1,-0,-0,-1,-2.25735e-08,-3.57579e-07,0,0,0,0,-1,0,-1,-0,-0,0.996563,0.0828367,2.05885e-08,-1,-1.7486e-07,-2.74398e-08,-1,0,-2.55053e-08,-1,0,2.97974e-07,-1,-1.80589e-08,1.14981e-07,-1,6.04552e-08,-2.32063e-08,-1,-6.22799e-08,-2.33139e-08,-1,-3.72672e-07,-3.095e-08,-1,5.82195e-07,0]
}