{
    "metadata":{
        "type":"Geometry",
        "generator":"io_three",
        "version":3,
        "vertices":24,
        "normals":24,
        "uvs":0,
        "faces":25
    },
    "vertices":[0.0441796,0.00881779,-3.27118,0.0441796,0.00881803,2.30391,-0.805844,0.00881803,2.30391,-0.805844,0.00881779,-3.27118,0.04418,3.38929,-3.27118,0.0441789,3.38929,2.30391,-0.805845,3.38929,2.30391,-0.805844,3.38929,-3.27118,0.556891,1.7286,-2.7056,0.55689,1.7286,-0.834371,0.0446373,1.46303,-3.27571,0.0446367,1.46303,2.29937,1.53323,1.7286,-2.7056,1.53323,1.7286,-0.834371,1.88585,1.46303,-3.27571,1.88584,1.46303,2.29937,0.0441798,1.7286,-3.27118,0.0441792,1.7286,2.30391,1.88539,1.7286,-3.27118,1.88539,1.7286,2.30391,0.556891,2.1933,-2.7056,0.55689,2.1933,-0.834371,1.53323,2.1933,-2.7056,1.53323,2.1933,-0.834371],
    "faces":[33,4,7,6,5,0,0,0,0,33,16,4,5,17,1,1,1,1,33,6,7,3,2,2,2,2,2,32,16,18,14,3,3,3,32,10,0,3,4,4,4,32,16,14,10,3,3,3,32,7,4,16,5,5,5,32,10,3,7,6,6,6,32,16,10,7,7,7,7,33,0,10,11,1,8,8,8,8,32,17,5,6,9,9,9,32,6,2,1,10,10,10,32,11,15,19,11,11,11,32,6,1,11,12,12,12,32,11,19,17,13,13,13,32,17,6,11,14,14,14,33,14,18,19,15,15,15,15,15,33,9,13,23,21,16,16,16,16,33,9,8,16,17,17,17,17,17,33,12,13,19,18,18,18,18,18,33,13,9,17,19,19,19,19,19,33,8,12,18,16,20,20,20,20,33,20,21,23,22,21,21,21,21,33,12,8,20,22,22,22,22,22,33,13,12,22,23,23,23,23,23],
    "uvs":[],
    "normals":[4.79797e-14,1,-4.2765e-08,1,2.35539e-08,1.58698e-07,-1,-8.81603e-08,-7.48388e-08,0,0.0170869,-0.999854,0,-0.00312062,-0.999995,1.12194e-06,2.87133e-07,-1,-0.0053358,-5.64487e-10,-0.999986,0.033477,0.017135,-0.999293,1,-0.000314565,4.74537e-08,-1.12194e-06,-1.43567e-07,1,-2.80485e-07,7.05283e-08,1,-1.29471e-07,-0.017086,0.999854,0.0123941,0.00311665,0.999918,0,-0.0170869,0.999854,-0.0334774,-0.017135,0.999293,0.999998,0.00172321,1.06839e-07,-2.44197e-07,0,1,-4.24351e-09,1,-4.80275e-08,6.17811e-09,1,-4.80275e-08,3.21431e-15,1,-3.79856e-08,0,1,-0,1.55569e-14,1,-1.27413e-07,0,-0,-1,1,0,3.82238e-07]
}