{
    "metadata":{
        "type":"Geometry",
        "generator":"io_three",
        "version":3,
        "vertices":26,
        "normals":24,
        "materials":2,
        "uvs":0,
        "faces":27
    },
    "vertices":[1,0.00267857,1,1,0.00267851,-1,-1,0.00267857,1,1,9.15771,0.999999,0.999999,9.15771,-1,-1,9.15771,1,1,1.41396,-1,1,4.20273,-1,1,3.31854,-1,1,5.93598,-1,1,1.41396,-0.596502,1,4.20273,-0.596503,1,3.31854,-0.596503,1,5.93598,-0.596503,1,1.41396,0.651106,1,4.20273,0.651105,1,3.31854,0.651105,1,5.93598,0.651105,0.0720726,1.41396,0.651106,0.0720723,1.41396,-0.596502,0.0720726,4.20273,0.651106,0.0720721,4.20273,-0.596502,0.0720726,3.31854,0.651106,0.0720722,3.31854,-0.596502,0.0720727,5.93598,0.651106,0.0720721,5.93598,-0.596503],
    "faces":[35,0,3,5,2,1,0,0,0,0,35,10,6,8,12,1,1,1,1,1,35,11,7,9,13,1,2,2,2,2,35,16,12,23,22,0,3,3,3,3,35,13,25,21,11,0,4,4,4,4,34,0,1,6,1,5,5,5,34,0,6,10,1,6,6,6,34,9,4,3,1,7,7,7,34,17,13,9,1,8,8,8,34,7,11,15,1,9,9,9,34,17,9,3,1,10,10,10,34,8,7,15,1,11,11,11,34,15,17,3,1,12,12,12,34,0,10,14,1,13,13,13,34,16,12,8,1,9,9,9,34,0,14,16,1,14,14,14,34,15,3,0,1,15,15,15,34,16,8,15,1,16,16,16,34,0,16,15,1,17,17,17,35,20,21,25,24,0,18,18,18,18,35,18,19,23,22,0,19,19,19,19,35,15,20,24,17,0,20,20,20,20,35,10,19,18,14,0,9,9,9,9,35,12,23,19,10,0,21,21,21,21,35,17,24,25,13,0,22,22,22,22,35,11,21,20,15,0,9,9,9,9,35,14,18,22,16,0,23,23,23,23],
    "uvs":[],
    "normals":[2.38419e-07,9.11482e-08,1,1,7.82385e-08,-2.2158e-07,1,1.71944e-08,-3.693e-07,-0,1,0,3.21171e-07,1.37556e-07,1,1,1.26703e-07,-3.77605e-15,1,-8.26382e-08,-1.4772e-07,1,5.55024e-08,-5.66244e-07,0,1,0,0,1,0,1,-2.70906e-08,-4.33198e-07,1,6.74116e-08,-3.24899e-07,1,-6.87779e-08,-4.82521e-08,1,-1.31712e-07,-1.91101e-07,1,3.20788e-14,3.41678e-07,1,-5.20847e-08,-2.85328e-07,1,-7.78736e-14,-2.88799e-07,1,4.60661e-14,3.41678e-07,1,-3.4389e-08,-3.82201e-07,1,3.12954e-08,-2.38876e-07,-3.21171e-07,-6.87779e-08,-1,3.21171e-07,1.25182e-07,1,0,-1,0,-3.21171e-07,-9.38863e-08,-1],
    "materials":[{
        "colorEmissive":[0,0,0],
        "shading":"phong",
        "opacity":1,
        "transparent":false,
        "visible":true,
        "wireframe":false,
        "blending":1,
        "depthTest":true,
        "depthWrite":true,
        "doubleSided":false,
        "DbgName":"Material.001",
        "DbgColor":15658734,
        "DbgIndex":0,
        "colorDiffuse":[0.64,0.519707,0.0119499],
        "specularCoef":50,
        "colorSpecular":[0.5,0.5,0.5]
    },{
        "colorEmissive":[0,0,0],
        "shading":"phong",
        "opacity":1,
        "transparent":false,
        "visible":true,
        "wireframe":false,
        "blending":1,
        "depthTest":true,
        "depthWrite":true,
        "doubleSided":false,
        "DbgName":"Material.002",
        "DbgColor":15597568,
        "DbgIndex":1,
        "colorDiffuse":[0.358383,0.321235,0.341801],
        "specularCoef":50,
        "colorSpecular":[0.5,0.5,0.5]
    }]
}