{
    "metadata":{
        "type":"Geometry",
        "generator":"io_three",
        "version":3,
        "vertices":14,
        "normals":15,
        "materials":2,
        "uvs":0,
        "faces":15
    },
    "vertices":[-1,0.0322213,6.50266,-1,0.0322207,-6.50266,-1,7.49749,6.50266,-1,7.49749,-6.50266,-1,7.49749,4.2778,-1,6.02585,-4.37303,-1,6.02585,4.2778,-1,3.04303,-4.37303,-1,3.04303,4.2778,-1,3.04303,6.50266,0.690873,6.02585,4.2778,0.690873,6.02585,-4.37303,0.690874,3.04303,-4.37303,0.690873,3.04303,4.2778],
    "faces":[35,8,6,10,13,0,0,0,0,0,34,5,6,4,1,1,1,1,34,1,0,9,1,2,2,2,34,9,8,7,1,3,3,3,34,5,4,3,1,4,4,4,34,1,9,7,1,5,5,5,34,7,5,3,1,6,6,6,34,3,1,7,1,7,7,7,34,8,9,2,1,8,8,8,34,2,4,6,1,9,9,9,34,2,6,8,1,10,10,10,35,13,10,11,12,0,11,11,11,11,35,5,7,12,11,0,12,12,12,12,35,7,8,13,12,0,13,13,13,13,35,6,5,11,10,0,14,14,14,14],
    "uvs":[],
    "normals":[-0,0,-1,-1,-1.56274e-14,-4.82303e-08,-1,-3.95937e-08,-3.66648e-08,-0.97622,0.216784,-5.23064e-08,-1,-5.6007e-08,-3.87027e-08,-1,-8.5815e-09,-4.38443e-08,-1,-5.99481e-08,-4.14261e-08,-1,-3.99213e-08,4.63125e-10,-1,-2.67618e-08,-5.35806e-08,-1,0,0,-1,-7.99308e-08,5.28706e-08,-1,-6.99395e-08,-4.47853e-08,0,-3.19723e-07,1,0,1,-5.51204e-08,-0,-1,0],
    "materials":[{
        "colorEmissive":[0,0,0],
        "shading":"phong",
        "opacity":1,
        "transparent":false,
        "visible":true,
        "wireframe":false,
        "blending":1,
        "depthTest":true,
        "depthWrite":true,
        "doubleSided":false,
        "DbgName":"Material",
        "DbgColor":15658734,
        "DbgIndex":0,
        "colorDiffuse":[0.577607,0.64,0.0274334],
        "specularCoef":50,
        "colorSpecular":[0.5,0.5,0.5]
    },{
        "colorEmissive":[0,0,0],
        "shading":"phong",
        "opacity":1,
        "transparent":false,
        "visible":true,
        "wireframe":false,
        "blending":1,
        "depthTest":true,
        "depthWrite":true,
        "doubleSided":false,
        "DbgName":"Material.001",
        "DbgColor":15597568,
        "DbgIndex":1,
        "colorDiffuse":[0.24865,0.24865,0.24865],
        "specularCoef":50,
        "colorSpecular":[0.5,0.5,0.5]
    }]
}