{
    "normals":[-1,0,-0,-1,-0,0,-0,0,1,-0,-1,0,-0,8.48297e-08,1,5.98031e-08,-2.82766e-08,1,-2.99015e-08,5.65531e-08,1,0,0,-1],
    "metadata":{
        "normals":8,
        "type":"Geometry",
        "vertices":16,
        "generator":"io_three",
        "uvs":0,
        "faces":9,
        "version":3
    },
    "vertices":[-3.88209,0.0540901,-4.39345,-3.88209,4.26992,-4.39345,4.09136,0.0540905,3.94483,4.09136,4.26992,3.94483,0.104635,0.0540905,3.94483,0.104635,4.26992,3.94483,-3.88209,0.0540903,-0.224313,-3.88209,4.26992,-0.224313,4.09136,0.0540903,-0.224313,4.09136,4.26992,-0.224313,0.104635,4.26992,-0.224313,0.104635,0.0540903,-0.224313,4.09136,4.26992,3.74116,4.09136,0.0540905,3.74116,0.204943,4.26992,3.74116,0.204943,0.0540905,3.74116],
    "faces":[33,1,0,6,7,0,0,0,0,33,13,2,3,12,1,1,1,1,33,2,3,5,4,2,2,2,2,32,6,11,8,3,3,3,32,8,9,10,4,4,4,32,10,7,6,5,5,5,32,8,10,6,6,6,6,33,8,13,12,9,1,1,1,1,33,12,13,15,14,7,7,7,7],
    "uvs":[]
}