{
    "metadata":{
        "type":"Geometry",
        "generator":"io_three",
        "version":3,
        "vertices":224,
        "normals":128,
        "materials":6,
        "uvs":1,
        "faces":219
    },
    "vertices":[-3.98372,0.012624,3.98846,-3.98372,4.29296,3.98846,-3.98372,0.0126237,-3.98126,-3.98372,4.29296,-3.98126,3.99159,0.0126239,3.98846,3.99159,4.29296,3.98846,3.99159,0.0126235,-3.98126,3.99159,4.29296,-3.98126,3.92268,0.0290583,-1.89184,3.92268,0.501919,-1.89184,3.92268,0.0290584,1.95216,3.92268,0.501919,1.95216,2.00071,0.0290583,-1.89184,2.00071,0.501919,-1.89184,2.00072,0.0290584,1.95216,2.00072,0.501919,1.95216,3.92268,0.501919,-1.89184,3.92268,0.501919,1.95216,2.00072,0.501919,1.95216,2.00071,0.501919,-1.89184,2.29022,0.901897,1.95216,2.29022,0.901897,-1.89184,2.29022,0.901897,1.95216,2.29022,0.901897,-1.89184,2.94279,0.901897,1.95216,2.94279,0.901897,-1.89184,3.2873,1.28662,-1.89184,3.2873,1.28662,1.95216,3.92268,2.94768,-1.89184,3.92268,2.94768,1.95215,3.2873,2.94768,-1.89184,3.2873,2.94768,1.95216,3.92268,0.501919,1.85996,2.00072,0.501919,1.85996,3.92268,0.501919,1.85996,2.00072,0.501919,1.85996,2.94279,0.901897,1.85996,3.92268,1.28662,1.85996,3.2873,1.28662,1.85996,3.2873,2.94768,1.85996,2.00094,0.501295,-1.72989,2.00094,0.501295,-1.72989,2.94281,0.901751,-1.73093,3.28713,1.28665,-1.73172,3.28629,2.94771,-1.73457,3.92291,0.50231,-1.73065,3.92291,0.50231,-1.73065,3.92251,1.28701,-1.73199,3.2873,2.82973,1.95216,3.2873,2.82973,-1.89184,3.92268,2.82973,1.85996,3.2873,2.82973,1.85996,3.28635,2.82975,-1.73436,3.92172,2.83011,-1.73464,3.2873,2.20026,-1.89184,3.92268,2.20026,-1.89184,3.2873,2.20026,1.95216,3.92268,2.20026,1.95215,3.92268,2.20026,1.85996,3.2873,2.20026,1.85996,3.28667,2.20029,-1.73329,3.92204,2.20065,-1.73356,3.2873,2.09555,-1.89184,3.92268,2.09555,-1.89184,3.2873,2.09555,1.95216,3.92268,2.09555,1.95215,3.92268,2.09555,1.85996,3.2873,2.09555,1.85996,3.28672,2.09557,-1.73311,3.9221,2.09594,-1.73338,-3.39638,0.0430402,-1.93498,-3.39638,0.264323,-1.93498,-3.39638,0.0430404,2.03156,-3.39638,0.264324,2.03156,-3.96324,0.0430402,-1.93498,-3.96324,0.264323,-1.93498,-3.96324,0.0430404,2.03156,-3.96324,0.264324,2.03156,-3.39638,0.264323,-0.0489118,-3.96324,0.264323,-0.0489117,-3.39638,0.264323,0.164447,-3.96324,0.264323,0.164447,-3.39638,3.42784,-0.0489119,-3.39638,3.42784,0.164447,-3.96324,0.687098,0.164447,-3.96324,0.687098,-0.0489117,-3.39638,0.687098,0.164447,-3.39638,0.687098,-0.0489118,-3.96324,0.803725,0.164447,-3.39638,0.803725,0.164447,-3.39638,0.803725,-0.0489118,-3.96324,0.803725,-0.0489117,-3.96324,1.2921,0.164447,-3.39638,1.2921,0.164447,-3.39638,1.2921,-0.0489118,-3.96324,1.2921,-0.0489118,-3.96324,1.3945,0.164447,-3.39638,1.3945,0.164447,-3.39638,1.3945,-0.0489118,-3.96324,1.3945,-0.0489118,-3.96324,1.89186,0.164447,-3.39638,1.89186,0.164447,-3.39638,1.89186,-0.0489118,-3.96324,1.89186,-0.0489118,-3.96324,2.00158,0.164447,-3.39638,2.00158,0.164447,-3.39638,2.00158,-0.0489119,-3.96324,2.00158,-0.0489118,-3.96324,2.49415,0.164447,-3.39638,2.49415,0.164447,-3.39638,2.49415,-0.0489119,-3.96324,2.49415,-0.0489118,-3.96324,2.58898,0.164447,-3.39638,2.58898,0.164447,-3.39638,2.58898,-0.0489119,-3.96324,2.58898,-0.0489118,-3.96324,3.27331,0.164447,-3.39638,3.27331,0.164447,-3.39638,3.27331,-0.0489119,-3.96324,3.27331,-0.0489118,-3.39638,0.687098,1.63156,-3.96324,0.687098,1.63156,-3.96324,0.803725,1.63156,-3.39638,0.803725,1.63156,-3.96324,0.803725,-0.178538,-3.96324,0.687098,-0.178538,-3.39638,0.687098,-0.178539,-3.39638,0.803725,-0.178539,-3.96324,1.3945,-1.62337,-3.96324,1.2921,-1.62337,-3.39638,1.2921,-1.62337,-3.39638,1.3945,-1.62337,-3.39638,1.2921,0.208485,-3.96324,1.2921,0.208485,-3.96324,1.3945,0.208485,-3.39638,1.3945,0.208485,-3.96324,2.00158,-0.102213,-3.96324,1.89186,-0.102213,-3.39638,1.89186,-0.102213,-3.39638,2.00158,-0.102213,-3.39638,1.89186,1.59622,-3.96324,1.89186,1.59622,-3.96324,2.00158,1.59622,-3.39638,2.00158,1.59622,-3.96324,2.58898,-1.49125,-3.96324,2.49415,-1.49125,-3.39638,2.49415,-1.49125,-3.39638,2.58898,-1.49125,-3.39638,2.49415,0.216483,-3.96324,2.49415,0.216483,-3.96324,2.58898,0.216483,-3.39638,2.58898,0.216483,-3.39638,3.42784,-1.70521,-3.96324,3.42784,-1.70521,-3.39638,3.27331,-1.70521,-3.96324,3.27331,-1.70521,-3.39638,3.42784,1.91162,-3.96324,3.42784,1.91162,-3.96324,3.27331,1.91162,-3.39638,3.27331,1.91162,-1.29365,-0.0211397,-2.93234,-1.99553,-0.0211397,-3.92505,2.02937,-0.0211398,-3.92505,1.28398,-0.0211398,-2.93234,-1.29365,0.799311,-2.93234,-1.99553,0.799311,-3.92505,2.02937,0.799311,-3.92505,1.28398,0.799311,-2.93234,-1.29365,1.28029,-2.93234,-1.99553,1.28029,-3.92505,2.02937,1.28029,-3.92505,1.28398,1.28029,-2.93234,-1.29365,1.38063,-2.93234,-1.99553,1.38063,-3.92505,2.02937,1.38063,-3.92505,1.28398,1.38063,-2.93234,-1.29365,1.89929,-2.93234,-1.99553,1.89929,-3.92505,2.02937,1.89929,-3.92505,1.28398,1.89929,-2.93234,-1.29365,1.99627,-2.93234,-1.99553,1.99627,-3.92505,2.02937,1.99627,-3.92505,1.28398,1.99627,-2.93234,-1.29365,2.48963,-2.93234,-1.99553,2.48963,-3.92505,2.02937,2.48963,-3.92505,1.28398,2.48963,-2.93234,-1.29365,2.59927,-2.93234,-1.99553,2.59927,-3.92505,2.02937,2.59927,-3.92505,1.28398,2.59927,-2.93234,3.37826,4.13918,-2.41541,3.37826,4.27782,-2.41541,3.37826,4.13918,2.39022,3.37826,4.27782,2.39022,2.71028,4.13918,-2.41541,2.71028,4.27782,-2.41541,2.71028,4.13918,2.39022,2.71028,4.27782,2.39022,1.26778,4.13918,-2.41541,1.26778,4.27782,-2.41541,1.26778,4.13918,2.39022,1.26778,4.27782,2.39022,0.599812,4.13918,-2.41541,0.599812,4.27782,-2.41541,0.599813,4.13918,2.39022,0.599813,4.27782,2.39022,-0.668627,4.13918,-2.41541,-0.668627,4.27782,-2.41541,-0.668627,4.13918,2.39022,-0.668627,4.27782,2.39022,-1.3366,4.13918,-2.41541,-1.3366,4.27782,-2.41541,-1.3366,4.13918,2.39022,-1.3366,4.27782,2.39022,-2.53977,4.13918,-2.41541,-2.53977,4.27782,-2.41541,-2.53977,4.13918,2.39022,-2.53977,4.27782,2.39022,-3.20774,4.13918,-2.41541,-3.20774,4.27782,-2.41541,-3.20774,4.13918,2.39022,-3.20774,4.27782,2.39022],