{
    "metadata":{
        "type":"Geometry",
        "generator":"io_three",
        "version":3,
        "vertices":216,
        "normals":94,
        "materials":3,
        "uvs":0,
        "faces":214
    },
    "vertices":[-3.98379,0.0290585,1.95216,-3.98379,0.501919,1.95216,-3.98379,0.0290583,-1.89184,-3.98379,0.501919,-1.89184,-1.98379,0.0290585,1.95216,-1.98379,0.501919,1.95216,-1.98379,0.0290583,-1.89184,-1.98379,0.501919,-1.89184,-3.98379,0.501919,1.95216,-3.98379,0.501919,-1.89184,-1.98379,0.501919,-1.89184,-1.98379,0.501919,1.95216,-2.27329,0.901897,-1.89184,-2.27329,0.901897,1.95216,-2.27329,0.901897,-1.89184,-2.27329,0.901897,1.95216,-2.92586,0.901897,-1.89184,-2.92586,0.901897,1.95216,-3.27038,1.28662,1.95216,-3.27038,1.28662,-1.89184,-3.98379,2.94768,1.95216,-3.98379,2.94768,-1.89184,-3.27038,2.94768,1.95216,-3.27038,2.94768,-1.89184,-3.98379,0.501919,-1.79964,-1.98379,0.501919,-1.79964,-3.98379,0.501919,-1.79964,-1.98379,0.501919,-1.79964,-2.92586,0.901897,-1.79964,-3.98379,1.28662,-1.79964,-3.27038,1.28662,-1.79964,-3.27038,2.94768,-1.79964,-1.98402,0.501295,1.7902,-1.98402,0.501295,1.7902,-2.92589,0.901751,1.79125,-3.27021,1.28665,1.79204,-3.26936,2.94771,1.79488,-3.98402,0.502311,1.79096,-3.98402,0.502311,1.79096,-3.98362,1.28701,1.79231,-3.27038,2.82973,-1.89184,-3.27038,2.82973,1.95216,-3.98379,2.82973,-1.79964,-3.27038,2.82973,-1.79964,-3.26942,2.82975,1.79468,-3.98284,2.83011,1.79495,-3.27038,2.20026,1.95216,-3.98379,2.20026,1.95216,-3.27038,2.20026,-1.89184,-3.98379,2.20026,-1.89184,-3.98379,2.20026,-1.79964,-3.27038,2.20026,-1.79964,-3.26974,2.20029,1.7936,-3.98316,2.20065,1.79387,-3.27038,2.09555,1.95216,-3.98379,2.09555,1.95216,-3.27038,2.09555,-1.89184,-3.98379,2.09555,-1.89184,-3.98379,2.09555,-1.79964,-3.27038,2.09555,-1.79964,-3.2698,2.09557,1.79342,-3.98321,2.09594,1.79369,3.4133,0.0430403,1.99529,3.4133,0.264323,1.99529,3.4133,0.0430402,-1.97124,3.4133,0.264323,-1.97124,3.98016,0.0430403,1.99529,3.98016,0.264323,1.99529,3.98016,0.0430402,-1.97124,3.98016,0.264323,-1.97124,3.4133,0.264323,0.109228,3.98016,0.264323,0.109228,3.4133,0.264323,-0.104132,3.98016,0.264323,-0.104132,3.4133,3.42784,0.109227,3.4133,3.42784,-0.104132,3.98016,0.687098,-0.104132,3.98016,0.687098,0.109227,3.4133,0.687098,-0.104132,3.4133,0.687098,0.109227,3.98016,0.803725,-0.104132,3.4133,0.803725,-0.104132,3.4133,0.803725,0.109227,3.98016,0.803725,0.109227,3.98016,1.2921,-0.104132,3.4133,1.2921,-0.104132,3.4133,1.2921,0.109227,3.98016,1.2921,0.109227,3.98016,1.3945,-0.104132,3.4133,1.3945,-0.104132,3.4133,1.3945,0.109227,3.98016,1.3945,0.109227,3.98016,1.89186,-0.104132,3.4133,1.89186,-0.104132,3.4133,1.89186,0.109227,3.98016,1.89186,0.109227,3.98016,2.00158,-0.104132,3.4133,2.00158,-0.104132,3.4133,2.00158,0.109227,3.98016,2.00158,0.109227,3.98016,2.49415,-0.104132,3.4133,2.49415,-0.104132,3.4133,2.49415,0.109227,3.98016,2.49415,0.109227,3.98016,2.58898,-0.104132,3.4133,2.58898,-0.104132,3.4133,2.58898,0.109227,3.98016,2.58898,0.109227,3.98016,3.27331,-0.104132,3.4133,3.27331,-0.104132,3.4133,3.27331,0.109227,3.98016,3.27331,0.109227,3.4133,0.687098,-1.57124,3.98016,0.687098,-1.57124,3.98016,0.803725,-1.57124,3.4133,0.803725,-1.57124,3.98016,0.803725,0.238854,3.98016,0.687098,0.238854,3.4133,0.687098,0.238854,3.4133,0.803725,0.238854,3.98016,1.3945,1.68368,3.98016,1.2921,1.68368,3.4133,1.2921,1.68368,3.4133,1.3945,1.68368,3.4133,1.2921,-0.14817,3.98016,1.2921,-0.14817,3.98016,1.3945,-0.14817,3.4133,1.3945,-0.14817,3.98016,2.00158,0.162528,3.98016,1.89186,0.162528,3.4133,1.89186,0.162528,3.4133,2.00158,0.162528,3.4133,1.89186,-1.5359,3.98016,1.89186,-1.5359,3.98016,2.00158,-1.5359,3.4133,2.00158,-1.5359,3.98016,2.58898,1.55156,3.98016,2.49415,1.55156,3.4133,2.49415,1.55156,3.4133,2.58898,1.55156,3.4133,2.49415,-0.156168,3.98016,2.49415,-0.156168,3.98016,2.58898,-0.156168,3.4133,2.58898,-0.156168,3.4133,3.42784,1.76552,3.98016,3.42784,1.76552,3.4133,3.27331,1.76552,3.98016,3.27331,1.76552,3.4133,3.42784,-1.85131,3.98016,3.42784,-1.85131,3.98016,3.27331,-1.85131,3.4133,3.27331,-1.85131,1.31057,-0.0211394,2.99266,2.01245,-0.0211394,3.98537,-2.01245,-0.0211394,3.98537,-1.26706,-0.0211394,2.99266,1.31057,0.581753,2.99266,2.01245,0.581753,3.98537,-2.01245,0.581753,3.98537,-1.26706,0.581753,2.99266,1.31057,1.06273,2.99266,2.01245,1.06273,3.98537,-2.01245,1.06273,3.98537,-1.26706,1.06273,2.99266,1.31057,1.16307,2.99266,2.01245,1.16307,3.98537,-2.01245,1.16307,3.98537,-1.26706,1.16307,2.99266,1.31057,1.68173,2.99266,2.01245,1.68173,3.98537,-2.01245,1.68173,3.98537,-1.26706,1.68173,2.99266,1.31057,1.77872,2.99266,2.01245,1.77872,3.98537,-2.01245,1.77872,3.98537,-1.26706,1.77872,2.99266,1.31057,2.27207,2.99266,2.01245,2.27207,3.98537,-2.01245,2.27207,3.98537,-1.26706,2.27207,2.99266,1.31057,2.38171,2.99266,2.01245,2.38171,3.98537,-2.01245,2.38171,3.98537,-1.26706,2.38171,2.99266,-3.36133,3.8349,2.47572,-3.36133,3.97353,2.47572,-3.36133,3.8349,-2.3299,-3.36133,3.97353,-2.3299,-2.69336,3.8349,2.47572,-2.69336,3.97353,2.47572,-2.69336,3.8349,-2.3299,-2.69336,3.97353,-2.3299,-1.25086,3.8349,2.47572,-1.25086,3.97353,2.47572,-1.25086,3.8349,-2.3299,-1.25086,3.97353,-2.3299,-0.58289,3.8349,2.47572,-0.58289,3.97353,2.47572,-0.58289,3.8349,-2.3299,-0.58289,3.97353,-2.3299,0.68555,3.8349,2.47572,0.68555,3.97353,2.47572,0.68555,3.8349,-2.3299,0.68555,3.97353,-2.3299,1.35352,3.8349,2.47572,1.35352,3.97353,2.47572,1.35352,3.8349,-2.3299,1.35352,3.97353,-2.3299,2.55669,3.8349,2.47572,2.55669,3.97353,2.47572,2.55669,3.8349,-2.3299,2.55669,3.97353,-2.3299,3.22466,3.8349,2.47572,3.22466,3.97353,2.47572,3.22466,3.8349,-2.3299,3.22466,3.97353,-2.3299],