{
    "metadata":{
        "type":"Geometry",
        "generator":"io_three",
        "version":3,
        "vertices":120,
        "normals":53,
        "materials":6,
        "uvs":1,
        "faces":96
    },
    "vertices":[-3.94368,0.0438286,-4.38426,-3.94368,4.26936,-4.38426,4.10529,0.043829,3.94463,4.10529,4.26936,3.94463,4.10529,0.0438286,-4.38426,4.10529,4.26936,-4.38426,0.0808065,0.043829,3.94463,0.080806,4.26936,3.94463,-3.94368,0.0438288,-0.197925,-3.94368,4.26936,-0.197926,-3.9347,0.0268694,-1.40282,-3.9347,1.21466,-1.40282,4.09733,0.0268694,-1.40282,4.09733,1.21466,-1.40282,-3.9347,1.39768,-1.40282,-3.9347,1.39768,-1.57876,4.09733,1.39768,-1.57876,4.09733,1.39768,-1.40282,4.09733,1.21466,-1.17512,-3.9347,1.21466,-1.17512,4.09733,1.39768,-1.17512,-3.9347,1.39768,-1.17512,-3.9347,1.21466,-1.68418,4.09733,1.21466,-1.68418,-3.9347,1.39768,-1.68418,4.09733,1.39768,-1.68418,1.32346,1.39768,-1.17512,3.92786,1.39768,-1.17512,1.31346,1.39768,-1.68418,3.90532,1.39768,-1.68418,3.92786,1.88858,-1.17512,1.32346,1.88858,-1.17512,1.31346,1.88858,-1.68418,3.90532,1.88858,-1.68418,3.92786,1.95301,-1.17512,1.32346,1.95301,-1.17512,1.31346,1.95301,-1.68418,3.90532,1.95301,-1.68418,3.92786,2.39798,-1.17512,1.32346,2.39798,-1.17512,1.31346,2.39798,-1.68418,3.90532,2.39798,-1.68418,1.25912,1.39768,-1.17385,1.24912,1.39768,-1.68291,1.25912,2.39798,-1.17385,1.24912,2.39798,-1.68291,3.98397,1.39768,-1.1762,3.96143,1.39768,-1.68526,3.98397,2.39798,-1.1762,3.96143,2.39798,-1.68526,-2.49793,1.15858,-3.29878,-2.49793,1.26503,-3.29878,-2.49793,1.15858,-4.37478,-2.49793,1.26503,-4.37478,3.90192,1.15858,-3.29878,3.90192,1.26503,-3.29878,3.90192,1.15858,-4.37478,3.90192,1.26503,-4.37478,-3.9218,3.60191,-2.14681,-3.9218,4.26408,-3.41879,-3.9218,2.94838,-2.13231,4.10526,3.60191,-2.14681,4.10526,4.26408,-3.41879,4.10526,2.94838,-2.13231,-2.49793,2.16554,-3.29878,-2.49793,2.27199,-3.29878,-2.49793,2.16554,-4.37478,-2.49793,2.27199,-4.37478,3.90192,2.16554,-3.29878,3.90192,2.27199,-3.29878,3.90192,2.16554,-4.37478,3.90192,2.27199,-4.37478,1.8175,0.00166583,0.587114,1.8175,1.30146,0.587114,1.8175,0.00166583,0.476695,1.8175,1.30146,0.476695,1.90984,0.00166583,0.587114,1.90984,1.30146,0.587114,1.90984,0.00166583,0.476695,1.90984,1.30146,0.476695,1.42655,1.30105,2.43395,1.42655,1.40423,2.43395,1.42655,1.30105,0.126476,1.42655,1.40423,0.126476,2.31923,1.30105,2.43395,2.31923,1.40423,2.43395,2.31923,1.30105,0.126476,2.31923,1.40423,0.126476,1.8175,0.00166583,2.14508,1.8175,1.30146,2.14508,1.8175,0.00166583,2.03467,1.8175,1.30146,2.03467,1.90984,0.00166583,2.14508,1.90984,1.30146,2.14508,1.90984,0.00166583,2.03467,1.90984,1.30146,2.03467,-1.63187,0.00166595,2.73051,-1.63187,1.30146,2.73051,-1.74228,0.00166595,2.73051,-1.74228,1.30146,2.73051,-1.63187,0.00166595,2.63816,-1.63187,1.30146,2.63816,-1.74228,0.00166595,2.63816,-1.74228,1.30146,2.63816,0.214967,1.30105,3.12145,0.214967,1.40423,3.12145,-2.0925,1.30105,3.12145,-2.0925,1.40423,3.12145,0.214967,1.30105,2.22877,0.214967,1.40423,2.22877,-2.0925,1.30105,2.22877,-2.0925,1.40423,2.22877,-0.0738947,0.00166595,2.73051,-0.0738947,1.30146,2.73051,-0.184314,0.00166595,2.73051,-0.184314,1.30146,2.73051,-0.0738947,0.00166595,2.63816,-0.0738947,1.30146,2.63816,-0.184314,0.00166595,2.63816,-0.184314,1.30146,2.63816],
    "faces":[43,8,0,1,9,0,0,0,0,0,0,0,0,0,43,0,4,5,1,0,0,0,0,0,1,1,1,1,43,2,6,7,3,0,0,0,0,0,2,2,2,2,42,4,0,8,1,0,0,0,3,3,3,42,8,6,2,1,0,0,0,4,4,4,42,8,2,4,1,0,0,0,5,5,5,42,1,5,3,0,0,0,0,6,6,6,42,3,7,9,0,0,0,0,7,7,7,42,3,9,1,0,0,0,0,7,7,7,43,4,2,3,5,0,0,0,0,0,8,8,8,8,42,15,14,21,3,0,0,0,9,9,9,42,21,26,28,3,0,0,0,10,10,10,42,28,24,15,3,0,0,0,11,11,11,42,21,28,15,3,0,0,0,12,12,12,42,21,19,18,2,0,0,0,13,13,13,42,18,20,27,2,0,0,0,14,14,14,42,26,21,18,2,0,0,0,13,13,13,42,18,27,26,2,0,0,0,14,14,14,42,25,23,22,0,0,0,0,15,15,15,42,22,24,28,0,0,0,0,16,16,16,42,29,25,22,0,0,0,0,15,15,15,42,22,28,29,0,0,0,0,17,17,17,43,11,10,12,13,3,0,0,0,0,18,18,18,18,43,37,34,38,41,2,0,0,0,0,19,19,19,19,42,25,29,27,0,0,0,0,20,20,20,42,27,20,17,0,0,0,0,21,21,21,42,16,25,27,0,0,0,0,22,22,22,42,27,17,16,0,0,0,0,21,21,21,43,29,27,30,33,2,0,0,0,0,23,23,23,23,43,29,33,32,28,2,0,0,0,0,24,24,24,24,43,31,30,34,35,2,0,0,0,0,18,18,18,18,43,36,35,39,40,2,0,0,0,0,25,25,25,25,42,31,35,39,2,0,0,0,9,9,9,42,39,44,42,2,0,0,0,26,26,26,42,42,26,31,2,0,0,0,27,27,27,42,39,42,31,2,0,0,0,28,28,28,43,40,41,38,39,3,0,0,0,0,29,29,29,29,43,39,40,45,44,0,0,0,0,0,30,30,30,30,43,37,41,40,36,2,0,0,0,0,31,31,31,31,43,29,28,26,27,3,0,0,0,0,32,32,32,32,43,33,30,31,32,3,0,0,0,0,7,7,7,7,43,37,34,35,36,0,0,0,0,0,7,7,7,7,43,42,44,45,43,2,0,0,0,0,33,33,33,33,43,26,28,32,31,2,0,0,0,0,34,34,34,34,43,28,26,42,43,0,0,0,0,0,35,35,35,35,43,47,49,48,46,0,0,0,0,0,36,36,36,36,42,38,34,30,2,0,0,0,9,9,9,42,30,27,46,2,0,0,0,37,37,37,42,46,48,38,2,0,0,0,38,38,38,42,30,46,38,2,0,0,0,39,39,39,43,27,29,47,46,0,0,0,0,0,40,40,40,40,43,41,38,48,49,0,0,0,0,0,41,41,41,41,43,54,55,51,50,2,0,0,0,0,24,24,24,24,43,52,56,54,50,0,0,0,0,0,29,29,29,29,43,57,53,51,55,3,0,0,0,0,41,41,41,41,43,61,62,59,58,5,1,2,3,4,42,42,42,42,43,60,63,61,58,5,0,5,6,7,43,43,43,43,43,68,69,65,64,2,0,0,0,0,24,24,24,24,43,66,70,68,64,3,0,0,0,0,29,29,29,29,43,71,67,65,69,0,0,0,0,0,41,41,41,41,43,72,73,75,74,3,0,0,0,0,44,44,44,44,43,74,75,79,78,2,0,0,0,0,45,45,45,45,43,78,79,77,76,3,0,0,0,0,46,46,46,46,43,76,77,73,72,2,0,0,0,0,14,14,14,14,43,74,78,76,72,0,0,0,0,0,29,29,29,29,43,79,75,73,77,0,0,0,0,0,41,41,41,41,43,80,81,83,82,2,0,0,0,0,44,44,44,44,43,82,83,87,86,2,0,0,0,0,17,17,17,17,43,86,87,85,84,2,0,0,0,0,46,46,46,46,43,84,85,81,80,2,0,0,0,0,24,24,24,24,43,82,86,84,80,0,0,0,0,0,47,47,47,47,43,87,83,81,85,3,0,0,0,0,41,41,41,41,43,88,89,91,90,3,0,0,0,0,48,48,48,48,43,90,91,95,94,2,0,0,0,0,45,45,45,45,43,94,95,93,92,3,0,0,0,0,0,0,0,0,43,92,93,89,88,2,0,0,0,0,14,14,14,14,43,90,94,92,88,0,0,0,0,0,29,29,29,29,43,95,91,89,93,0,0,0,0,0,49,49,49,49,43,96,97,99,98,3,0,0,0,0,24,24,24,24,43,98,99,103,102,2,0,0,0,0,44,44,44,44,43,102,103,101,100,3,0,0,0,0,17,17,17,17,43,100,101,97,96,2,0,0,0,0,46,46,46,46,43,98,102,100,96,0,0,0,0,0,50,50,50,50,43,103,99,97,101,0,0,0,0,0,51,51,51,51,43,104,105,107,106,2,0,0,0,0,14,14,14,14,43,106,107,111,110,2,0,0,0,0,48,48,48,48,43,110,111,109,108,2,0,0,0,0,45,45,45,45,43,108,109,105,104,2,0,0,0,0,0,0,0,0,43,106,110,108,104,0,0,0,0,0,52,52,52,52,43,111,107,105,109,3,0,0,0,0,41,41,41,41,43,112,113,115,114,3,0,0,0,0,14,14,14,14,43,114,115,119,118,2,0,0,0,0,44,44,44,44,43,118,119,117,116,3,0,0,0,0,45,45,45,45,43,116,117,113,112,2,0,0,0,0,46,46,46,46,43,114,118,116,112,0,0,0,0,0,52,52,52,52,43,119,115,113,117,0,0,0,0,0,41,41,41,41],
    "uvs":[[0,0,0,1.03594,-0.0201358,-0.195988,0.998475,-0.00793684,1.00184,0.972002,1,0,1,1,0,1]],
    "normals":[1,0,0,0,1.12847e-07,1,0,-0,-1,0,1,-4.27137e-08,0,1,-4.31651e-08,-1.16772e-10,1,-4.29382e-08,-0,-1,-0,0,-1,0,-1,-0,0,0,0,0,0,1,-2.34175e-07,0,1,-1.13082e-06,2.27145e-08,1,0,0,-0,1,-0,0,1,0,0,-1,-0,-0,-1,-0,0,-1,0,0,1,-0.999021,6.1612e-09,0.0442345,0,1,-2.34175e-07,0,1,-0,-2.69329e-06,1,-1.13082e-06,-0.999021,0,0.0442344,-0,0,1,-0.999807,3.08302e-09,0.0196416,0.0196429,-0,0.999807,0.0196429,0,0.999807,0.0196429,0,0.999807,0,-1,-0,-0,1,0,0,2.67904e-07,1,0,1,-2.34175e-07,-0.999807,1.37144e-09,0.0196416,0.999807,0,-0.0196416,4.59854e-09,-1,2.34085e-07,0.999021,-2.74073e-09,-0.0442344,0.0193624,-0,0.999813,0.0193624,0,0.999813,0.0193624,0,0.999812,4.53116e-09,-1,2.33974e-07,0,1,0,0,0.887006,0.461758,0,0.0221869,0.999754,-1,0,0,-0,0,-1,1,0,0,0,-1,5.16623e-08,-1,0,0,0,1,1.07962e-06,-0,-1,0,0,1,0,-0,-1,0],
    "materials":[{
        "colorEmissive":[0,0,0],
        "shading":"phong",
        "opacity":1,
        "transparent":false,
        "visible":true,
        "wireframe":false,
        "blending":1,
        "depthTest":true,
        "depthWrite":true,
        "doubleSided":false,
        "DbgName":"Material",
        "DbgColor":15658734,
        "DbgIndex":0,
        "colorDiffuse":[0.426454,0.750949,0.438964],
        "specularCoef":50,