{
    "metadata":{
        "type":"Geometry",
        "generator":"io_three",
        "version":3,
        "vertices":144,
        "normals":71,
        "materials":4,
        "uvs":1,
        "faces":149
    },
    "vertices":[-0.356966,4.0462,1.85639,-0.356966,4.18901,1.85639,-0.356966,4.0462,-2.62279,-0.356966,4.18901,-2.62279,0.358662,4.0462,1.85639,0.358662,4.18901,1.85639,0.358662,4.0462,-2.62279,0.358662,4.18901,-2.62279,-3.98372,0.0126243,3.98846,-3.98372,4.29296,3.98846,-3.98372,0.0126238,-3.98126,-3.98372,4.29296,-3.98126,3.99159,0.012624,3.98846,3.99159,4.29296,3.98846,3.99159,0.0126235,-3.98126,3.99159,4.29296,-3.98126,-2.82111,0.451171,-1.6432,-2.82111,0.451171,2.01364,-3.94228,0.451171,2.01364,-3.94228,0.451171,-1.6432,-2.82111,0.706523,-1.6432,-2.82111,0.706523,2.01365,-3.94228,0.706523,2.01364,-3.94228,0.706523,-1.6432,-2.82111,0.86211,-1.6432,-2.82111,0.86211,2.01365,-3.59455,1.15552,-1.6432,-3.59455,1.15552,2.01365,-3.94228,1.15552,-1.6432,-3.94228,1.15552,2.01364,3.93813,0.0168698,-3.0103,-3.95002,0.0168698,-3.0103,3.93813,4.21288,-3.0103,-3.95002,4.21288,-3.0103,2.58868,4.21288,-3.0103,-2.65833,3.38571,-3.0103,2.58868,3.38571,-3.0103,-2.65833,1.70916,-3.0103,2.58868,1.70916,-3.0103,3.93813,1.70916,-3.0103,2.58868,3.38571,-3.96069,-2.65833,3.38571,-3.96069,-2.65833,1.70916,-3.96069,2.58868,1.70916,-3.96069,-3.93892,0.0281246,3.30363,-1.43535,0.0281246,3.30363,-1.43535,0.0281246,3.86888,-3.93892,0.0281246,3.86888,-1.64732,0.593373,3.30363,-1.64732,0.593373,3.86888,-3.74488,0.593373,3.86888,-3.74488,0.593373,3.30363,-1.64732,1.44353,3.30363,-3.74488,1.44353,3.86888,-1.64732,1.44353,3.86888,-3.74488,1.44353,3.30363,-3.74488,1.68408,3.86888,-3.74488,1.68408,3.30363,-1.64732,1.68204,3.86888,-1.64732,1.68204,3.30363,-1.64732,3.42402,3.30363,-1.43535,3.42402,3.30363,-1.43535,3.42402,3.86888,-1.64732,3.42402,3.86888,-3.74488,3.26284,3.86888,-3.74488,3.26284,3.30363,-3.93892,3.42861,3.30363,-3.93892,3.42861,3.86888,-3.74488,3.42861,3.86888,-3.74488,3.42861,3.30363,-1.64732,3.26379,3.86888,-1.64732,3.26379,3.30363,2.83869,0.451171,2.00449,2.83869,0.451171,-1.65236,3.95986,0.451171,-1.65236,3.95986,0.451171,2.00449,2.83869,0.706523,2.00448,2.83869,0.706523,-1.65236,3.95986,0.706523,-1.65236,3.95986,0.706523,2.00449,2.83869,0.86211,2.00448,2.83869,0.86211,-1.65236,3.61213,1.15552,2.00448,3.61213,1.15552,-1.65236,3.95986,1.15552,2.00449,3.95986,1.15552,-1.65236,1.8296,0.451171,-1.87441,-1.82724,0.451171,-1.87441,-1.82724,0.451171,-2.99558,1.8296,0.451171,-2.99558,1.8296,0.706523,-1.87441,-1.82724,0.706523,-1.87441,-1.82724,0.706523,-2.99558,1.8296,0.706523,-2.99558,1.8296,0.86211,-1.87441,-1.82724,0.86211,-1.87441,1.8296,1.15552,-2.64785,-1.82724,1.15552,-2.64785,1.8296,1.15552,-2.99558,-1.82724,1.15552,-2.99558,1.44287,0.0281246,3.30363,3.94644,0.0281246,3.30363,3.94644,0.0281246,3.86888,1.44287,0.0281246,3.86888,3.73447,0.593373,3.30363,3.73447,0.593373,3.86888,1.63691,0.593373,3.86888,1.63691,0.593373,3.30363,3.73447,1.44353,3.30363,1.63691,1.44353,3.86888,3.73447,1.44353,3.86888,1.63691,1.44353,3.30363,1.63691,1.68408,3.86888,1.63691,1.68408,3.30363,3.73447,1.68204,3.86888,3.73447,1.68204,3.30363,3.73447,3.42402,3.30363,3.94644,3.42402,3.30363,3.94644,3.42402,3.86888,3.73447,3.42402,3.86888,1.63691,3.26284,3.86888,1.63691,3.26284,3.30363,1.44287,3.42861,3.30363,1.44287,3.42861,3.86888,1.63691,3.42861,3.86888,1.63691,3.42861,3.30363,3.73447,3.26379,3.86888,3.73447,3.26379,3.30363,1.25216,4.0462,1.85639,1.25216,4.18901,1.85639,1.25216,4.0462,-2.62279,1.25216,4.18901,-2.62279,1.96779,4.0462,1.85639,1.96779,4.18901,1.85639,1.96779,4.0462,-2.62279,1.96779,4.18901,-2.62279,-1.99203,4.0462,1.85639,-1.99203,4.18901,1.85639,-1.99203,4.0462,-2.62279,-1.99203,4.18901,-2.62279,-1.27641,4.0462,1.85639,-1.27641,4.18901,1.85639,-1.27641,4.0462,-2.62279,-1.27641,4.18901,-2.62279],
    "faces":[43,0,1,3,2,0,0,0,0,0,0,0,0,0,43,2,3,7,6,0,0,0,0,0,1,1,1,1,43,6,7,5,4,0,0,0,0,0,2,2,2,2,43,1,0,4,5,0,0,0,0,0,3,3,3,3,43,4,0,2,6,1,0,0,0,0,4,4,4,4,43,10,8,12,14,1,0,0,0,0,5,5,5,5,43,15,13,9,11,1,0,0,0,0,6,6,6,6,43,10,11,9,8,0,0,0,0,0,7,7,7,7,43,13,15,14,12,0,0,0,0,0,0,0,0,0,43,16,20,21,17,2,0,0,0,0,8,8,8,8,43,17,21,22,18,2,0,0,0,0,9,9,9,9,42,28,23,20,2,0,0,0,10,10,10,42,20,24,26,2,0,0,0,11,11,11,42,20,26,28,2,0,0,0,12,12,12,43,20,16,19,23,2,0,0,0,0,13,13,13,13,43,21,20,24,25,3,0,0,0,0,14,14,14,14,42,21,25,27,2,0,0,0,11,11,11,42,27,29,22,2,0,0,0,15,15,15,42,27,22,21,2,0,0,0,16,16,16,43,22,23,28,29,2,0,0,0,0,17,17,17,17,43,26,28,29,27,3,0,0,0,0,18,18,18,18,43,20,23,22,21,1,0,0,0,0,18,18,18,18,43,38,36,40,43,1,0,0,0,0,0,0,0,0,42,35,36,34,0,0,0,0,3,3,3,42,31,30,39,0,0,0,0,19,19,19,42,39,38,37,0,0,0,0,20,20,20,42,35,34,33,0,0,0,0,21,21,21,42,31,39,37,0,0,0,0,22,22,22,42,37,35,33,0,0,0,0,3,3,3,42,33,31,37,0,0,0,0,23,23,23,42,38,39,32,0,0,0,0,3,3,3,42,32,34,36,0,0,0,0,3,3,3,42,32,36,38,0,0,0,0,3,3,3,43,43,40,41,42,1,0,0,0,0,21,21,21,21,43,35,37,42,41,1,0,0,0,0,24,24,24,24,43,37,38,43,42,1,0,0,0,0,25,25,25,25,43,36,35,41,40,1,0,0,0,0,4,4,4,4,43,61,62,46,45,2,0,0,0,0,26,26,26,26,43,51,50,49,48,1,0,0,0,0,18,18,18,18,42,53,56,64,2,0,0,0,20,20,20,42,64,68,67,2,0,0,0,21,21,21,42,46,62,63,2,0,0,0,21,21,21,42,63,70,58,2,0,0,0,20,20,20,42,64,67,47,2,0,0,0,21,21,21,42,50,53,64,2,0,0,0,20,20,20,42,46,63,58,2,0,0,0,21,21,21,42,58,54,49,2,0,0,0,20,20,20,42,50,64,47,2,0,0,0,21,21,21,42,46,58,49,2,0,0,0,21,21,21,42,49,50,47,2,0,0,0,3,3,3,42,49,47,46,2,0,0,0,27,27,27,43,48,49,54,52,2,0,0,0,0,28,28,28,28,43,50,51,55,53,2,0,0,0,0,29,29,29,29,43,56,53,54,58,2,0,0,0,0,3,3,3,3,43,47,67,66,44,0,0,0,0,0,30,30,30,30,43,53,55,52,54,0,0,0,0,0,31,31,31,31,43,55,57,59,52,2,0,0,0,0,32,32,32,32,43,57,56,58,59,1,0,0,0,0,33,33,33,33,42,52,59,71,2,0,0,0,20,20,20,42,71,60,61,2,0,0,0,34,34,34,42,44,66,69,2,0,0,0,35,35,35,42,65,57,55,2,0,0,0,20,20,20,42,44,69,65,2,0,0,0,36,36,36,42,71,61,45,2,0,0,0,1,1,1,42,52,71,45,2,0,0,0,34,34,34,42,44,65,55,2,0,0,0,37,37,37,42,44,55,51,2,0,0,0,37,37,37,42,48,52,45,2,0,0,0,34,34,34,42,44,51,48,2,0,0,0,38,38,38,42,45,44,48,2,0,0,0,39,39,39,43,56,57,65,64,2,0,0,0,0,29,29,29,29,43,68,64,70,63,2,0,0,0,0,3,3,3,3,43,65,69,60,71,2,0,0,0,0,40,40,40,40,43,64,65,71,70,2,0,0,0,0,41,41,41,41,43,59,58,70,71,2,0,0,0,0,42,42,42,42,43,72,76,77,73,2,0,0,0,0,0,0,0,0,43,73,77,78,74,2,0,0,0,0,43,43,43,43,42,76,79,84,2,0,0,0,44,44,44,42,84,82,80,2,0,0,0,45,45,45,42,84,80,76,2,0,0,0,44,44,44,43,76,72,75,79,2,0,0,0,0,46,46,46,46,43,77,76,80,81,3,0,0,0,0,47,47,47,47,42,83,81,77,2,0,0,0,11,11,11,42,77,78,85,2,0,0,0,48,48,48,42,77,85,83,2,0,0,0,49,49,49,43,78,79,84,85,2,0,0,0,0,50,50,50,50,43,82,84,85,83,3,0,0,0,0,25,25,25,25,43,76,79,78,77,1,0,0,0,0,25,25,25,25,43,86,90,91,87,2,0,0,0,0,51,51,51,51,43,87,91,92,88,2,0,0,0,0,52,52,52,52,42,98,93,90,2,0,0,0,53,53,53,42,90,94,96,2,0,0,0,0,0,0,42,90,96,98,2,0,0,0,54,54,54,43,90,86,89,93,2,0,0,0,0,55,55,55,55,43,91,90,94,95,3,0,0,0,0,56,56,56,56,42,97,95,91,2,0,0,0,57,57,57,42,91,92,99,2,0,0,0,58,58,58,42,91,99,97,2,0,0,0,59,59,59,43,92,93,98,99,2,0,0,0,0,60,60,60,60,43,96,98,99,97,3,0,0,0,0,61,61,61,61,43,90,93,92,91,1,0,0,0,0,62,62,62,62,43,117,118,102,101,0,0,0,0,0,63,63,63,63,43,107,106,105,104,1,0,0,0,0,18,18,18,18,42,109,112,120,2,0,0,0,20,20,20,42,120,124,123,2,0,0,0,21,21,21,42,102,118,119,2,0,0,0,21,21,21,42,102,119,126,2,0,0,0,21,21,21,42,120,123,103,2,0,0,0,21,21,21,42,109,120,103,2,0,0,0,21,21,21,42,102,126,114,2,0,0,0,21,21,21,42,114,110,105,2,0,0,0,20,20,20,42,106,109,103,2,0,0,0,21,21,21,42,102,114,105,2,0,0,0,21,21,21,42,105,106,103,2,0,0,0,3,3,3,42,105,103,102,2,0,0,0,27,27,27,43,104,105,110,108,2,0,0,0,0,64,64,64,64,43,106,107,111,109,2,0,0,0,0,29,29,29,29,43,112,109,110,114,2,0,0,0,0,3,3,3,3,43,103,123,122,100,2,0,0,0,0,30,30,30,30,43,109,111,108,110,0,0,0,0,0,31,31,31,31,43,111,113,115,108,2,0,0,0,0,32,32,32,32,43,113,112,114,115,1,0,0,0,0,65,65,65,65,42,108,115,127,2,0,0,0,20,20,20,42,127,116,117,2,0,0,0,34,34,34,42,100,122,125,2,0,0,0,35,35,35,42,100,125,121,2,0,0,0,36,36,36,42,127,117,101,2,0,0,0,1,1,1,42,104,108,127,2,0,0,0,20,20,