{
    "metadata":{
        "type":"Geometry",
        "generator":"io_three",
        "version":3,
        "vertices":72,
        "normals":35,
        "materials":5,
        "uvs":0,
        "faces":60
    },
    "vertices":[-3.94368,0.0438286,-4.38426,-3.94368,4.26936,-4.38426,4.10529,0.043829,3.94463,4.10529,4.26936,3.94463,4.10529,0.0438286,-4.38426,4.10529,4.26936,-4.38426,0.0808065,0.043829,3.94463,0.080806,4.26936,3.94463,-3.94368,0.0438288,-0.197925,-3.94368,4.26936,-0.197926,-3.9347,0.0268694,-0.822836,-3.9347,1.21466,-0.822836,4.09733,0.0268694,-0.822836,4.09733,1.21466,-0.822836,-3.9347,1.39768,-0.822836,-3.9347,1.39768,-0.998775,4.09733,1.39768,-0.998775,4.09733,1.39768,-0.822836,4.09733,1.21466,-0.595132,-3.9347,1.21466,-0.595132,4.09733,1.39768,-0.595132,-3.9347,1.39768,-0.595132,-3.9347,1.21466,-1.10419,4.09733,1.21466,-1.10419,-3.9347,1.39768,-1.10419,4.09733,1.39768,-1.10419,1.38162,1.39768,-0.595132,3.92786,1.39768,-0.595132,1.37162,1.39768,-1.10419,3.90532,1.39768,-1.10419,3.92786,1.88858,-0.595132,1.38162,1.88858,-0.595132,1.37162,1.88858,-1.10419,3.90532,1.88858,-1.10419,3.92786,1.95301,-0.595132,1.38162,1.95301,-0.595132,1.37162,1.95301,-1.10419,3.90532,1.95301,-1.10419,3.92786,2.39798,-0.595132,1.38162,2.39798,-0.595132,1.37162,2.39798,-1.10419,3.90532,2.39798,-1.10419,1.31728,1.39768,-0.593868,1.30728,1.39768,-1.10293,1.31728,2.39798,-0.593868,1.30728,2.39798,-1.10293,3.98397,1.39768,-0.596219,3.96143,1.39768,-1.10528,3.98397,2.39798,-0.596219,3.96143,2.39798,-1.10528,-3.93366,1.49651,-3.29878,-3.93366,1.60296,-3.29878,-3.93366,1.49651,-4.37478,-3.93366,1.60296,-4.37478,4.09685,1.49651,-3.29878,4.09685,1.60296,-3.29878,4.09685,1.49651,-4.37478,4.09685,1.60296,-4.37478,-3.94354,3.49267,-2.38567,-3.94354,4.26408,-2.38567,-3.94354,3.49267,-4.37004,4.10526,3.49267,-2.38567,4.10526,4.26408,-2.38567,4.10526,3.49267,-4.37004,-3.93366,2.50347,-3.29878,-3.93366,2.60992,-3.29878,-3.93366,2.50347,-4.37478,-3.93366,2.60992,-4.37478,4.09685,2.50347,-3.29878,4.09685,2.60992,-3.29878,4.09685,2.50347,-4.37478,4.09685,2.60992,-4.37478],
    "faces":[35,8,0,1,9,0,0,0,0,0,35,0,4,5,1,0,1,1,1,1,35,2,6,7,3,0,2,2,2,2,34,4,0,8,1,3,3,3,34,8,6,2,1,4,4,4,34,8,2,4,1,5,5,5,34,1,5,3,0,6,6,6,34,3,7,9,0,7,7,7,34,3,9,1,0,7,7,7,35,4,2,3,5,0,8,8,8,8,34,15,14,21,3,9,9,9,34,21,26,28,3,10,10,10,34,28,24,15,3,11,11,11,34,21,28,15,3,12,12,12,34,21,19,18,2,13,13,13,34,18,20,27,2,14,14,14,34,26,21,18,2,13,13,13,34,18,27,26,2,14,14,14,34,25,23,22,0,15,15,15,34,22,24,28,0,16,16,16,34,29,25,22,0,15,15,15,34,22,28,29,0,17,17,17,35,11,10,12,13,3,18,18,18,18,35,37,34,38,41,2,19,19,19,19,34,25,29,27,0,11,11,11,34,27,20,17,0,10,10,10,34,16,25,27,0,11,11,11,34,27,17,16,0,10,10,10,35,29,27,30,33,2,20,20,20,20,35,29,33,32,28,2,14,14,14,14,35,31,30,34,35,2,18,18,18,18,35,36,35,39,40,2,21,21,21,21,34,31,35,39,2,9,9,9,34,39,44,42,2,22,22,22,34,42,26,31,2,23,23,23,34,39,42,31,2,24,24,24,35,40,41,38,39,3,25,25,25,25,35,39,40,45,44,0,11,11,11,11,35,37,41,40,36,2,14,14,14,14,35,29,28,26,27,3,26,26,26,26,35,33,30,31,32,3,7,7,7,7,35,37,34,35,36,0,7,7,7,7,35,42,44,45,43,2,27,27,27,27,35,26,28,32,31,2,28,28,28,28,35,28,26,42,43,0,7,7,7,7,35,47,49,48,46,0,29,29,29,29,34,38,34,30,2,9,9,9,34,30,27,46,2,30,30,30,34,46,48,38,2,31,31,31,34,30,46,38,2,32,32,32,35,27,29,47,46,0,33,33,33,33,35,41,38,48,49,0,34,34,34,34,35,54,55,51,50,2,14,14,14,14,35,52,56,54,50,0,25,25,25,25,35,57,53,51,55,3,26,26,26,26,35,61,62,59,58,2,14,14,14,14,35,60,63,61,58,2,25,25,25,25,35,68,69,65,64,2,14,14,14,14,35,66,70,68,64,3,25,25,25,25,35,71,67,65,69,0,26,26,26,26],
    "uvs":[],
    "normals":[1,0,0,0,1.12847e-07,1,0,-0,-1,0,1,-4.27137e-08,0,1,-4.31651e-08,-1.16772e-10,1,-4.29382e-08,-0,-1,-0,0,-1,0,-1,-0,0,0,0,0,0,1,-0,-0,1,0,-0,1,-0,0,-0,1,-0,0,1,0,0,-1,-0,-0,-1,-0,0,-1,0,0,1,-0.999021,0,0.0442345,-0.999021,0,0.0442345,-0.999807,0,0.0196416,0.0196429,-0,0.999807,0.0196429,0,0.999807,0.0196429,0,0.999807,0,-1,-0,0,1,0,-0.999807,0,0.0196416,0.999807,0,-0.0196416,0.999021,0,-0.0442345,0.0193624,-0,0.999813,0.0193624,0,0.999813,0.0193624,0,0.999812,-0,-1,0,0,1,0],
    "materials":[{
        "colorEmissive":[0,0,0],
        "shading":"phong",
        "opacity":1,
        "transparent":false,
        "visible":true,
        "wireframe":false,
        "blending":1,
        "depthTest":true,
        "depthWrite":true,
        "doubleSided":false,
        "DbgName":"Material",
        "DbgColor":15658734,
        "DbgIndex":0,
        "colorDiffuse":[0.426454,0.750949,0.438964],
        "specularCoef":50,
        "colorSpecular":[0.5,0.5,0.5]
    },{
        "colorEmissive":[0,0,0],
        "shading":"phong",
        "opacity":1,
        "transparent":false,
        "visible":true,
        "wireframe":false,
        "blending":1,
        "depthTest":true,
        "depthWrite":true,
        "doubleSided":false,
        "DbgName":"Material.004",
        "DbgColor":15597568,
        "DbgIndex":1,
        "colorDiffuse":[0.0117928,0.138684,0.00968514],
        "specularCoef":50,
        "colorSpecular":[0.5,0.5,0.5]
    },{
        "colorEmissive":[0,0,0],
        "shading":"phong",
        "opacity":1,
        "transparent":false,
        "visible":true,
        "wireframe":false,
        "blending":1,
        "depthTest":true,
        "depthWrite":true,
        "doubleSided":false,
        "DbgName":"Material.005",
        "DbgColor":60928,
        "DbgIndex":2,
        "colorDiffuse":[0.64,0.264082,0.174679],
        "specularCoef":50,
        "colorSpecular":[0.5,0.5,0.5]
    },{
        "colorEmissive":[0,0,0],
        "shading":"phong",
        "opacity":1,
        "transparent":false,
        "visible":true,
        "wireframe":false,
        "blending":1,
        "depthTest":true,
        "depthWrite":true,
        "doubleSided":false,
        "DbgName":"Material.006",
        "DbgColor":238,
        "DbgIndex":3,
        "colorDiffuse":[0.64,0.0383951,0.0846034],
        "specularCoef":50,
        "colorSpecular":[0.5,0.5,0.5]
    },{
        "colorEmissive":[0,0,0],
        "shading":"phong",
        "opacity":1,
        "transparent":false,
        "visible":true,
        "wireframe":false,
        "blending":1,
        "depthTest":true,
        "depthWrite":true,
        "doubleSided":false,
        "DbgName":"Material.003",
        "DbgColor":15658496,
        "DbgIndex":4,
        "colorDiffuse":[0.303438,0.355335,0.64],
        "specularCoef":50,
        "colorSpecular":[0.5,0.5,0.5]
    }]
}