{
    "metadata":{
        "type":"Geometry",
        "generator":"io_three",
        "version":3,
        "vertices":36,
        "normals":49,
        "uvs":0,
        "faces":50
    },
    "vertices":[0.689675,0.022324,-1.75772,0.689675,1.11415,-1.75772,1.07236,0.022324,-1.6816,1.07236,1.11415,-1.6816,1.39678,0.022324,-1.46483,1.39678,1.11415,-1.46483,1.61355,0.022324,-1.14041,1.61355,1.11415,-1.14041,1.68968,0.0223241,-0.757725,1.68968,1.11415,-0.757725,1.61355,0.0223241,-0.375041,1.61355,1.11415,-0.375041,1.36368,0.0230536,-0.0124383,1.36368,1.11488,-0.0124375,0.306993,0.022324,-1.6816,0.306993,1.11415,-1.6816,-0.689675,0.022324,-1.75772,-0.689675,1.11415,-1.75772,-1.07236,0.022324,-1.6816,-1.07236,1.11415,-1.6816,-1.39678,0.022324,-1.46483,-1.39678,1.11415,-1.46483,-1.61355,0.022324,-1.14041,-1.61355,1.11415,-1.14041,-1.68968,0.0223241,-0.757725,-1.68968,1.11415,-0.757725,-1.61355,0.0223241,-0.375041,-1.61355,1.11415,-0.375041,-1.36368,0.0230536,-0.0124383,-1.36368,1.11488,-0.0124375,0,0.0248299,-1.42591,0,1.11666,-1.42591,-0.306993,0.022324,-1.6816,-0.306993,1.11415,-1.6816,0,0.0354201,1.37887,0,1.12725,1.37887],
    "faces":[33,0,14,15,1,0,0,0,0,33,2,0,1,3,1,1,1,1,33,3,5,4,2,2,2,2,2,33,5,7,6,4,3,3,3,3,33,7,9,8,6,4,4,4,4,33,9,11,10,8,5,5,5,5,32,14,0,2,6,6,6,32,2,4,6,7,7,7,32,6,8,10,8,8,8,32,10,12,30,9,9,9,32,30,14,2,10,10,10,32,2,6,10,11,11,11,32,2,10,30,12,12,12,32,3,1,15,13,13,13,32,15,31,13,14,14,14,32,13,11,9,15,15,15,32,9,7,5,16,16,16,32,5,3,15,17,17,17,32,15,13,9,18,18,18,32,15,9,5,19,19,19,33,15,14,30,31,20,20,20,20,33,12,13,35,34,21,21,21,21,32,13,31,35,22,22,22,32,12,34,30,23,23,23,33,11,13,12,10,24,24,24,24,33,33,32,16,17,25,25,25,25,33,17,16,18,19,26,26,26,26,33,19,18,20,21,27,27,27,27,33,21,20,22,23,28,28,28,28,33,23,22,24,25,29,29,29,29,33,25,24,26,27,30,30,30,30,32,18,16,32,31,31,31,32,32,30,28,32,32,32,32,28,26,24,33,33,33,32,24,22,20,34,34,34,32,20,18,32,35,35,35,32,32,28,24,36,36,36,32,32,24,20,37,37,37,32,33,17,19,13,13,13,32,19,21,23,38,38,38,32,23,25,27,39,39,39,32,27,29,31,40,40,40,32,31,33,19,41,41,41,32,19,23,27,42,42,42,32,19,27,31,43,43,43,33,33,31,30,32,44,44,44,44,33,28,34,35,29,45,45,45,45,32,29,35,31,46,46,46,32,28,30,34,47,47,47,33,27,26,28,29,48,48,48,48],
    "uvs":[],
    "normals":[-0.19509,0,-0.980785,0.195091,0,-0.980785,0.55557,0,-0.83147,0.83147,0,-0.55557,0.980785,-4.37231e-09,-0.19509,0.980785,1.09308e-08,0.19509,-4.57354e-14,-1,4.89395e-08,3.34764e-09,-1,3.7953e-08,-7.62253e-15,-1,4.38059e-08,-0.00197637,-0.999998,0.000650097,-9.15821e-09,-0.999952,0.00979982,-2.5053e-09,-1,4.38059e-08,-0.00212672,-0.999997,0.00088096,-0,1,0,0.00510588,0.99998,-0.00366948,0.00410437,0.999991,0.00081641,-7.8303e-07,1,1.55755e-07,0,1,0,0.000506081,1,-0.000757532,3.65453e-08,1,-1.83725e-07,-0.639986,0,-0.768387,0.714162,-3.08243e-07,0.69998,0.00521601,0.999979,-0.00377573,-0.00521608,-0.999979,0.0037757,0.823419,-1.85954e-07,0.567434,0.19509,0,-0.980785,-0.195091,0,-0.980785,-0.55557,0,-0.83147,-0.83147,0,-0.55557,-0.980785,-4.37231e-09,-0.19509,-0.980785,1.09308e-08,0.19509,4.57354e-14,-1,4.89395e-08,0.00510609,-0.99998,0.00366958,0.00410437,-0.999991,-0.000816366,7.70589e-09,-1,4.53387e-08,4.01503e-14,-1,4.29632e-08,0.00050615,-1,0.000757548,-1.76911e-10,-1,4.20736e-08,-4.43551e-07,1,-6.63821e-07,0,1,0,-0.00197628,0.999998,-0.000650109,-9.15788e-09,0.999952,-0.00979947,2.2027e-07,1,0,-0.00212663,0.999997,-0.000880972,0.639986,0,-0.768387,-0.714162,-3.08243e-07,0.69998,-0.00521601,0.999979,-0.00377573,0.00521608,-0.999979,0.0037757,-0.823419,-1.85954e-07,0.567434]
}
