{
    "metadata":{
        "type":"Geometry",
        "generator":"io_three",
        "version":3,
        "vertices":38,
        "normals":40,
        "materials":2,
        "uvs":0,
        "faces":43
    },
    "vertices":[1.04677,2.48623,-4.02886,1.04677,2.48623,3.94643,-1.1985,2.48623,3.94643,-1.1985,2.48623,-4.02886,1.04677,2.19361,-2.55443,-1.1985,2.19361,-2.55443,1.04677,2.19361,2.55996,-1.1985,2.19361,2.55996,1.04677,-0.013696,2.55996,1.04677,-0.013696,3.94643,1.04677,-0.0136962,-4.02886,-1.1985,-0.0136962,-4.02886,-1.1985,-0.013696,3.94643,-1.1985,-0.0136962,-2.55443,1.04677,-0.0136962,-2.55443,-1.1985,-0.013696,2.55996,-1.32564,2.48623,-4.02886,-1.32564,2.48623,3.94643,-1.32564,2.65283,-4.02886,-1.32564,2.65283,3.94643,-1.31591,2.48623,3.94643,-1.31591,-0.013696,3.94643,-1.31591,2.48623,4.08228,-1.31591,-0.0136961,4.08228,-1.32085,2.48623,-4.02886,-1.32085,-0.0136963,-4.02886,-1.32085,2.48623,-4.13134,-1.32085,-0.0136962,-4.13134,1.16195,-0.0136962,-4.02886,1.16195,-0.0136961,-4.13134,1.16195,2.48623,-4.02886,1.16195,2.48623,3.94643,1.16195,2.65283,-4.02886,1.16195,-0.013696,3.94643,1.16195,2.48623,4.08229,1.16195,-0.0136961,4.08228,1.16195,2.65283,3.94643,1.16195,2.48623,-4.13133],
    "faces":[35,30,32,36,31,0,0,0,0,0,35,20,21,23,22,0,1,1,1,1,35,2,12,21,20,0,2,2,2,2,35,23,35,34,22,1,3,3,3,3,35,7,6,8,15,1,4,4,4,4,35,3,24,25,11,0,5,5,5,5,35,0,10,28,30,0,6,6,6,6,35,30,28,29,37,0,7,7,7,7,35,4,5,13,14,1,8,8,8,8,35,33,31,34,35,0,9,9,9,9,34,1,9,8,1,10,10,10,34,1,8,6,1,11,11,11,34,14,10,0,1,12,12,12,34,1,6,4,1,13,13,13,34,4,14,0,1,14,14,14,34,0,1,4,1,15,15,15,34,16,18,32,0,16,16,16,34,32,30,0,0,2,2,2,34,3,16,32,0,17,17,17,34,32,0,3,0,18,18,18,35,36,32,18,19,1,19,19,19,19,34,3,11,13,1,20,20,20,34,3,13,5,1,21,21,21,34,15,12,2,1,22,22,22,34,3,5,7,1,23,23,23,34,7,15,2,1,24,24,24,34,3,7,2,1,25,25,25,35,24,26,27,25,0,26,26,26,26,35,37,29,27,26,1,27,27,27,27,35,1,31,33,9,0,28,28,28,28,34,2,1,31,0,29,29,29,34,31,36,19,0,30,30,30,34,19,17,2,0,31,31,31,34,31,19,2,0,32,32,32,35,16,17,19,18,0,33,33,33,33,34,30,37,26,0,34,34,34,34,26,24,3,0,35,35,35,34,3,0,30,0,29,29,29,34,26,3,30,0,36,36,36,34,1,2,20,0,29,29,29,34,20,22,34,0,37,37,37,34,34,31,1,0,38,38,38,34,20,34,1,0,39,39,39],
    "uvs":[],
    "normals":[1,0,1.34526e-07,-1,-9.53703e-08,-8.77489e-07,0,0,-1,-8.65977e-07,-4.76852e-07,1,4.24749e-07,0,-1,7.43397e-13,-3.81481e-07,1,0,-7.62962e-07,1,1,-1.90741e-07,-4.43768e-13,-5.30936e-07,0,1,1,2.38425e-07,8.7749e-07,1,2.38426e-07,-0,1,0,4.29901e-07,1,-1.90741e-07,0,1,2.03692e-06,-9.49557e-14,1,-0,3.23405e-07,1,-9.51703e-07,1.34526e-07,7.66746e-07,0,-1,0,1.14489e-05,-1,8.49497e-07,-5.87321e-07,-1,3.43824e-14,1,-2.98947e-08,-1,-1.43055e-07,-8.08511e-08,-1,0,1.61702e-07,-1,-9.53703e-08,-8.59804e-08,-1,-1.1671e-06,-6.99258e-08,-1,0,-2.57941e-07,-1,-9.38865e-07,-5.97893e-08,-1,-1.43055e-07,-3.32826e-13,5.7617e-07,5.72222e-07,-1,0,1.04907e-06,-1,0,1,0,-1.43765e-06,0,1,0,-0,1,-1.51508e-06,-1.15626e-06,1,-1,0,-5.97893e-08,-9.60301e-08,1,2.32656e-06,-1.94871e-06,1,2.32656e-06,0,1,0,-2.36409e-12,1,1.75498e-06,-0,1,1.75498e-06,-2.65644e-12,1,1.75498e-06],
    "materials":[{
        "colorEmissive":[0,0,0],
        "shading":"phong",
        "opacity":1,
        "transparent":false,
        "visible":true,
        "wireframe":false,
        "blending":1,
        "depthTest":true,
        "depthWrite":true,
        "doubleSided":false,
        "DbgName":"Material.002",
        "DbgColor":15658734,
        "DbgIndex":0,
        "colorDiffuse":[0.147573,0.146245,0.110811],
        "specularCoef":50,
        "colorSpecular":[0.5,0.5,0.5]
    },{
        "colorEmissive":[0,0,0],
        "shading":"phong",
        "opacity":1,
        "transparent":false,
        "visible":true,
        "wireframe":false,
        "blending":1,
        "depthTest":true,
        "depthWrite":true,
        "doubleSided":false,
        "DbgName":"Material.003",
        "DbgColor":15597568,
        "DbgIndex":1,
        "colorDiffuse":[0.637531,0.597672,0.64],
        "specularCoef":50,
        "colorSpecular":[0.466756,0.485117,0.5]
    }]
}