{
    "metadata":{
        "type":"Geometry",
        "generator":"io_three",
        "version":3,
        "vertices":166,
        "normals":94,
        "materials":3,
        "uvs":1,
        "faces":187
    },
    "vertices":[-3.70165,0.0232427,3.57012,-3.70165,0.0232425,-1.96659,-3.70165,2.52005,3.32372,-3.70165,0.0864933,0.648009,-3.70165,1.27977,3.32372,-3.70165,0.0864933,0.951481,-3.70165,1.23245,3.32372,-3.70165,0.0864934,3.32372,-3.70165,0.0864931,-1.71392,-3.70165,1.23245,-1.71392,-3.70165,1.23245,0.951481,-3.70165,1.23245,0.648009,-3.70165,1.27977,-1.71392,-3.70165,1.27977,0.951481,-3.70165,1.27977,0.648009,-3.70165,2.52005,-1.71392,-3.70165,2.52005,0.951481,-3.70165,2.52005,0.648009,-3.70165,2.57578,-1.71392,-3.70165,2.57578,0.951481,-3.70165,2.57578,0.648009,-3.70165,2.57578,3.32372,-3.70165,3.9943,-1.71392,-3.70165,3.9943,0.951481,-3.70165,3.9943,0.648009,-3.70165,3.9943,3.32372,-3.70165,4.08888,-1.96658,-3.70165,4.08888,3.57012,-2.36824,0.0927832,-2.75855,-2.36824,0.311482,-2.75855,-2.36824,0.0927831,-3.95689,-2.36824,0.311482,-3.95689,2.37734,0.0927832,-2.75855,2.37734,0.311482,-2.75855,2.37734,0.0927831,-3.95689,2.37734,0.311482,-3.95689,0.993983,0.311482,-2.14709,0.993983,0.0927832,-2.14709,-0.989876,0.311482,-2.14709,-0.989876,0.0927832,-2.14709,-3.05502,0.0251106,-3.03375,-3.98122,0.0251106,-3.03375,-3.05502,0.0251105,-3.95995,-3.05502,4.26482,-3.03375,-3.98122,4.26482,-3.03375,-3.05502,4.26482,-3.95995,-3.98122,0.678679,-3.03375,-3.98122,1.97016,-3.03375,-3.98122,1.56069,-3.03375,-3.98122,2.77284,-3.03375,-3.79436,0.678679,-3.03375,-3.79436,1.97016,-3.03375,-3.79436,1.56069,-3.03375,-3.79436,2.77284,-3.03375,-3.21659,0.678679,-3.03375,-3.21659,1.97016,-3.03375,-3.21659,1.56069,-3.03375,-3.21659,2.77284,-3.03375,-3.21659,0.678679,-3.46347,-3.79436,0.678679,-3.46347,-3.21659,1.97016,-3.46347,-3.79436,1.97016,-3.46347,-3.21659,1.56069,-3.46347,-3.79436,1.56069,-3.46347,-3.21659,2.77284,-3.46347,-3.79436,2.77284,-3.46347,-1.28769,0.791733,0.686176,1.24146,0.791733,0.686176,1.24146,0.791733,1.3982,-1.28769,0.791733,1.3982,-0.820117,0.698936,0.686176,-0.820117,0.698936,1.3982,0.80178,0.698936,0.686176,0.80178,0.698936,1.3982,0.80178,-0.00105369,0.686176,1.24146,-0.00105369,0.686176,-1.28769,-0.00105369,0.686176,-1.28769,-0.00105369,1.3982,1.24146,-0.00105369,1.3982,-0.820117,-0.00105369,1.3982,-0.820117,-0.00105369,0.686176,0.80178,-0.00105369,1.3982,-1.28769,0.791733,1.43852,1.24146,0.791733,1.43852,-1.28769,0.844565,1.43852,1.24146,0.844565,1.43852,1.24146,0.791733,1.43544,1.24146,-0.00105369,1.43544,1.28455,0.791733,1.43544,1.28455,-0.00105381,1.43544,-1.28769,0.791733,1.437,-1.28769,-0.00105381,1.437,-1.32019,0.791733,1.437,-1.32019,-0.00105369,1.437,-1.28769,-0.00105369,0.64965,-1.32019,-0.00105369,0.64965,-1.28769,0.791733,0.649649,1.24146,0.791733,0.64965,-1.28769,0.844565,0.649649,1.24146,-0.00105369,0.64965,1.28455,0.791733,0.64965,1.28455,-0.00105381,0.64965,1.24146,0.844565,0.64965,-1.32019,0.791733,0.649649,3.0524,0.0251106,-3.03375,3.97861,0.0251106,-3.03375,3.0524,0.0251105,-3.95995,3.0524,4.26482,-3.03375,3.97861,4.26482,-3.03375,3.0524,4.26482,-3.95995,3.97861,0.678679,-3.03375,3.97861,1.97016,-3.03375,3.97861,1.56069,-3.03375,3.97861,2.77284,-3.03375,3.79174,0.678679,-3.03375,3.79174,1.97016,-3.03375,3.79174,1.56069,-3.03375,3.79174,2.77284,-3.03375,3.21398,0.678679,-3.03375,3.21398,1.97016,-3.03375,3.21398,1.56069,-3.03375,3.21398,2.77284,-3.03375,3.21397,0.678679,-3.46347,3.79174,0.678679,-3.46347,3.21398,1.97016,-3.46347,3.79174,1.97016,-3.46347,3.21397,1.56069,-3.46347,3.79174,1.56069,-3.46347,3.21398,2.77284,-3.46347,3.79174,2.77284,-3.46347,3.70233,0.023243,3.57012,3.70233,0.0232427,-1.96659,3.70233,2.52005,3.32372,3.70233,0.0864934,0.648009,3.70233,1.27977,3.32372,3.70233,0.0864934,0.951481,3.70233,1.23245,3.32372,3.70233,0.0864935,3.32372,3.70233,0.0864933,-1.71392,3.70233,1.23245,-1.71392,3.70233,1.23245,0.951481,3.70233,1.23245,0.648009,3.70233,1.27977,-1.71392,3.70233,1.27977,0.951481,3.70233,1.27977,0.648009,3.70233,2.52005,-1.71392,3.70233,2.52005,0.951481,3.70233,2.52005,0.648009,3.70233,2.57578,-1.71392,3.70233,2.57578,0.951481,3.70233,2.57578,0.648009,3.70233,2.57579,3.32372,3.70233,3.9943,-1.71392,3.70233,3.9943,0.951481,3.70233,3.9943,0.648009,3.70233,3.9943,3.32372,3.70233,4.08888,-1.96658,3.70233,4.08888,3.57012,-3.98372,0.012624,3.98846,-3.98372,4.29296,3.98846,-3.98372,0.0126237,-3.98126,-3.98372,4.29296,-3.98126,3.99159,0.0126239,3.98846,3.99159,4.29296,3.98846,3.99159,0.0126235,-3.98126,3.99159,4.29296,-3.98126],