{
    "metadata":{
        "type":"Geometry",
        "generator":"io_three",
        "version":3,
        "vertices":167,
        "normals":63,
        "materials":6,
        "uvs":1,
        "faces":171
    },
    "vertices":[-3.97963,1.15839,2.40542,-3.97963,1.29543,2.40542,-3.97963,1.15839,1.00429,-3.97963,1.29543,1.00429,-3.49765,1.15839,2.40542,-3.49765,1.29543,2.40542,-3.49765,1.15839,1.00429,-3.49765,1.29543,1.00429,-3.97911,0.0206394,0.399941,-3.97911,0.0206394,-0.399628,-3.17954,0.0206394,0.399941,-3.17954,0.820208,0.399941,-3.17954,0.0206394,-0.399628,-3.17954,0.820208,-0.399628,-3.70352,0.820208,-0.399628,-3.70352,0.820208,0.399941,-3.97911,4.28276,0.39994,-3.97911,4.28276,-0.399628,-3.70352,4.00121,-0.399628,-3.70352,4.00121,0.39994,3.99763,4.28276,-0.399627,3.99763,4.28276,0.399941,3.69339,4.00121,-0.399627,3.69339,4.00121,0.399941,3.99763,0.0140214,-0.399627,3.99763,0.0140214,0.399941,3.69339,0.800177,0.399941,3.69339,0.800177,-0.399627,3.1975,0.0140214,-0.399627,3.1975,0.0140214,0.399941,3.1975,0.800177,0.399941,3.1975,0.800177,-0.399627,-3.9758,0.0221536,-3.01186,-3.9758,0.799463,-3.01186,-3.9758,0.799463,-3.96745,3.98289,0.0221536,-3.01186,3.98289,0.799463,-3.01186,3.98289,0.799463,-3.96745,-0.998882,0.799463,-3.96745,-0.998882,0.0221536,-3.01186,-0.998882,0.799463,-3.01186,1.00598,0.799463,-3.96745,1.00598,0.0221536,-3.01186,1.00598,0.799463,-3.01186,1.00598,0.799463,-1.5,-0.998882,0.799463,-1.5,-0.998882,0.0221536,-1.5,1.00598,0.0221536,-1.5,1.20736,0.799463,-3.96745,1.20736,0.0221536,-3.01186,1.20736,0.799463,-3.01186,-1.21048,0.799463,-3.01186,-1.21048,0.799463,-3.96745,-1.21048,0.0221536,-3.01186,-0.998882,4.283,-3.96745,-0.998882,4.283,-3.01186,1.20736,4.283,-3.01186,1.00598,4.283,-3.01186,1.00598,4.283,-3.96745,-1.21048,4.283,-3.01186,1.20736,1.60336,-3.96745,1.20736,1.60336,-3.01186,1.00598,1.60336,-3.96745,1.20736,2.50536,-3.96745,1.00598,2.50536,-3.96745,1.00598,2.50536,-3.01186,1.20736,2.50536,-3.01186,1.20736,1.69008,-3.01186,1.20736,1.69008,-3.96745,1.00598,1.69008,-3.96745,1.20736,2.60674,-3.96745,1.00598,2.60674,-3.96745,1.00598,2.60674,-3.01186,1.20736,2.60674,-3.01186,3.9904,1.69008,-3.01186,3.9904,1.60336,-3.01186,3.9904,1.60336,-3.96745,3.9904,2.60674,-3.01186,3.9904,2.50536,-3.01186,3.9904,2.50536,-3.96745,3.9904,1.69008,-3.96745,3.9904,2.60674,-3.96745,-1.21048,1.58509,-3.96745,-0.998882,1.58509,-3.96745,-1.21048,1.58509,-3.01186,-1.21048,1.67016,-3.96745,-0.998882,1.67016,-3.96745,-1.21048,1.67016,-3.01186,-1.21048,2.49655,-3.96745,-0.998882,2.49655,-3.96745,-0.998882,2.49655,-3.01186,-1.21048,2.49655,-3.01186,-1.21048,2.59377,-3.96745,-0.998882,2.59377,-3.96745,-0.998882,2.59377,-3.01186,-1.21048,2.59377,-3.01186,-3.95749,1.67016,-3.01186,-3.95749,1.58509,-3.01186,-3.95749,1.58509,-3.96745,-3.95749,1.67016,-3.96745,-3.95749,2.59377,-3.01186,-3.95749,2.49655,-3.01186,-3.95749,2.49655,-3.96745,-3.95749,2.59377,-3.96745,-3.70352,1.79237,-0.399628,-3.70352,1.79237,0.399941,-3.70352,1.90268,0.399941,-3.70352,1.90268,-0.399628,-3.70352,2.80494,0.399941,-3.70352,2.80494,-0.399628,-3.70352,2.89112,0.399941,-3.70352,2.89112,-0.399628,-3.40499,1.90268,-0.399628,-3.40499,1.79237,-0.399628,-3.40499,1.79237,0.399941,-3.40499,1.90268,0.399941,-3.40499,2.89112,-0.399628,-3.40499,2.80494,-0.399628,-3.40499,2.80494,0.399941,-3.40499,2.89112,0.399941,3.69339,1.7886,0.399941,3.69339,1.7886,-0.399627,3.69339,1.88946,0.399941,3.69339,1.88946,-0.399627,3.69339,2.90382,0.399941,3.69339,2.90382,-0.399627,3.69339,2.79967,0.399941,3.69339,2.79967,-0.399627,3.3999,1.88946,0.399941,3.3999,1.7886,0.399941,3.3999,1.88946,-0.399627,3.3999,1.7886,-0.399627,3.3999,2.79967,-0.399627,3.3999,2.90382,-0.399627,3.3999,2.90382,0.399941,3.3999,2.79967,0.399941,1.20736,4.19686,-3.96745,1.00598,4.19686,-3.96745,1.00598,4.19686,-3.01186,1.20736,4.19686,-3.01186,-1.21048,4.20266,-3.96745,-0.998882,4.20266,-3.96745,-0.998882,4.20266,-3.01186,-1.21048,4.20266,-3.01186,3.9904,4.283,-3.01186,3.9904,4.19686,-3.96745,3.9904,4.19686,-3.01186,-3.9834,4.283,-3.01186,-3.9834,4.20266,-3.96745,-3.9834,4.20266,-3.01186,-3.98372,0.0126238,3.98846,-3.98372,4.29296,3.98846,-3.98372,0.0126235,-3.98126,-3.98372,4.29296,-3.98126,3.99159,0.0126238,3.98846,3.99159,4.29296,3.98846,3.99159,0.0126235,-3.98126,3.99159,4.29296,-3.98126,3.50126,1.15839,2.40542,3.50126,1.29543,2.40542,3.50126,1.15839,1.00429,3.50126,1.29543,1.00429,3.98323,1.15839,2.40542,3.98323,1.29543,2.40542,3.98323,1.15839,1.00429,3.98323,1.29543,1.00429,1.00598,1.65241,-3.01186],