{
    "metadata":{
        "type":"Geometry",
        "generator":"io_three",
        "version":3,
        "vertices":99,
        "normals":47,
        "materials":4,
        "uvs":1,
        "faces":73
    },
    "vertices":[-3.35323,4.26218,-3.93518,-3.35323,4.26218,4.03958,-3.94491,4.26218,4.03957,-3.94491,3.26402,-2.96001,-3.35323,3.26402,-2.96001,-3.94491,3.26402,2.55931,-3.35323,3.26402,2.55931,-3.94491,0.0224252,2.55931,-3.94491,0.0224252,4.03957,-3.35323,0.0224252,2.55931,-3.35323,0.0224252,4.03957,-3.94491,0.0224252,-2.96001,-3.35323,0.0224252,-2.96001,-3.35323,0.855578,-2.96001,-3.35323,0.855578,-3.93518,-3.35323,1.92548,-2.96001,-3.35323,1.92548,-3.93518,-3.35323,2.9351,-2.96001,-3.35323,2.9351,-3.93518,-3.35323,2.80148,-2.96001,-3.35323,2.80148,-3.93518,-3.35323,1.77689,-2.96001,-3.35323,1.77689,-3.93518,-3.35323,0.736557,-2.96001,-3.35323,0.736557,-3.93518,2.09832,0.736557,-2.96001,2.09832,0.855578,-2.96001,2.09832,0.736557,-3.93518,2.09832,0.855578,-3.93518,2.09832,1.77689,-2.96001,2.09832,1.92548,-2.96001,2.09832,1.77689,-3.93518,2.09832,1.92548,-3.93518,2.09832,2.80148,-2.96001,2.09832,2.9351,-2.96001,2.09832,2.80148,-3.93518,2.09832,2.9351,-3.93518,-3.35323,0.143197,-2.96001,-3.35323,0.143197,-3.93518,3.9765,0.143197,-3.93518,3.13934,0.0224252,-2.96001,3.13934,0.143197,-2.96001,3.9765,0.0224252,3.96279,3.9765,0.143198,3.96279,3.13934,0.0224252,3.96279,3.13934,0.143198,3.96279,3.9765,0.143197,-0.295037,3.79145,0.143197,-0.295037,3.9765,0.143197,0.424275,3.79145,0.143197,0.424275,3.79145,4.26923,-0.295037,3.9765,4.26923,-0.295037,3.9765,4.26923,0.424275,3.79145,4.26923,0.424275,-3.6497,1.4101,2.77481,-3.6497,1.59562,2.77481,-3.6497,1.4101,-2.98478,-3.6497,1.59562,-2.98478,0.900851,4.11326,2.1202,0.900851,4.25934,2.1202,0.900851,4.11326,0.912095,0.900851,4.25934,0.912095,2.10896,4.11326,2.1202,2.10896,4.25934,2.1202,2.10896,4.11326,0.912095,2.10896,4.25934,0.912095,-3.98372,0.0126238,3.98846,-3.98372,4.29296,3.98846,-3.98372,0.0126238,-3.98126,-3.98372,4.29296,-3.98126,3.99159,0.0126238,3.98846,3.99159,4.29296,3.98846,3.99159,0.0126238,-3.98126,3.99159,4.29296,-3.98126,-2.08662,4.11326,2.1202,-2.08662,4.25934,2.1202,-2.08662,4.11326,0.912095,-2.08662,4.25934,0.912095,-0.878515,4.11326,2.1202,-0.878515,4.25934,2.1202,-0.878515,4.11326,0.912095,-0.878515,4.25934,0.912095,-2.08662,4.11326,-0.912157,-2.08662,4.25934,-0.912157,-2.08662,4.11326,-2.12026,-2.08662,4.25934,-2.12026,-0.878515,4.11326,-0.912157,-0.878515,4.25934,-0.912157,-0.878515,4.11326,-2.12026,-0.878515,4.25934,-2.12026,0.890058,4.11326,-0.912157,0.890058,4.25934,-0.912157,0.890058,4.11326,-2.12026,0.890058,4.25934,-2.12026,2.09816,4.11326,-0.912157,2.09816,4.25934,-0.912157,2.09816,4.11326,-2.12026,2.09816,4.25934,-2.12026,-3.35323,1.31623,-2.96001],
    "faces":[42,1,10,9,2,0,0,0,0,0,0,42,1,9,6,2,0,0,0,1,1,1,42,17,18,0,2,0,0,0,2,2,2,42,1,6,4,2,0,0,0,3,3,3,42,4,17,0,2,0,0,0,4,4,4,42,0,1,4,2,0,0,0,5,5,5,43,5,6,9,7,2,0,0,0,0,6,6,6,6,43,3,4,6,5,1,0,0,0,0,7,7,7,7,43,1,2,8,10,1,0,0,0,0,8,8,8,8,42,15,19,17,2,0,0,0,9,9,9,42,17,4,3,2,0,0,0,10,10,10,42,3,11,12,2,0,0,0,11,11,11,42,12,37,23,2,0,0,0,9,9,9,42,15,17,3,2,0,0,0,12,12,12,42,14,22,21,2,0,0,0,13,13,13,42,21,15,3,2,0,0,0,12,12,12,42,3,12,23,2,0,0,0,14,14,14,42,13,14,21,2,0,0,0,13,13,13,42,3,23,13,2,0,0,0,14,14,14,42,21,3,13,2,0,0,0,15,15,15,43,20,19,15,16,2,0,0,0,0,16,16,16,16,43,21,22,31,29,1,0,0,0,0,17,17,17,17,43,36,34,33,35,0,0,0,0,0,18,18,18,18,43,32,30,29,31,0,0,0,0,0,18,18,18,18,43,28,26,25,27,0,0,0,0,0,18,18,18,18,43,19,20,35,33,1,0,0,0,0,17,17,17,17,43,14,13,26,28,1,0,0,0,0,19,19,19,19,43,13,23,25,26,0,0,0,0,0,20,20,20,20,43,15,21,29,30,0,0,0,0,0,21,21,21,21,43,17,19,33,34,0,0,0,0,0,21,21,21,21,43,16,15,30,32,1,0,0,0,0,19,19,19,19,43,18,17,34,36,1,0,0,0,0,19,19,19,19,43,24,23,37,38,2,0,0,0,0,16,16,16,16,42,41,45,43,1,0,0,0,22,22,22,42,43,48,49,1,0,0,0,23,23,23,42,47,46,39,1,0,0,0,24,24,24,42,41,43,49,1,0,0,0,25,25,25,42,41,49,47,1,0,0,0,26,26,26,42,38,37,41,1,0,0,0,19,19,19,42,41,47,39,1,0,0,0,27,27,27,42,41,39,38,1,0,0,0,28,28,28,43,37,12,40,41,0,0,0,0,0,29,29,29,29,43,40,44,45,41,0,0,0,0,0,30,30,30,30,43,49,48,52,53,2,0,0,0,0,31,31,31,31,43,47,49,53,50,2,0,0,0,0,30,30,30,30,43,46,47,50,51,2,0,0,0,0,32,32,32,32,43,45,44,42,43,0,0,0,0,0,33,33,33,33,43,54,55,57,56,1,0,0,0,0,34,34,34,34,43,58,59,61,60,0,0,0,0,0,34,34,34,34,43,60,61,65,64,0,0,0,0,0,35,35,35,35,43,64,65,63,62,0,0,0,0,0,36,36,36,36,43,62,63,59,58,0,0,0,0,0,37,37,37,37,43,60,64,62,58,1,0,0,0,0,38,38,38,38,43,68,66,70,72,3,0,0,0,0,19,19,19,19,43,73,71,67,69,1,0,0,0,0,39,39,39,39,43,73,69,68,72,2,0,0,0,0,40,40,40,40,43,68,69,67,66,1,0,0,0,0,41,41,41,41,43,71,73,72,70,2,0,0,0,0,34,34,34,34,43,74,75,77,76,0,0,0,0,0,34,34,34,34,43,76,77,81,80,0,0,0,0,0,42,42,42,42,43,80,81,79,78,0,0,0,0,0,36,36,36,36,43,78,79,75,74,0,0,0,0,0,43,43,43,43,43,76,80,78,74,1,0,0,0,0,44,44,44,44,43,82,83,85,84,0,0,0,0,0,34,34,34,34,43,84,85,89,88,0,0,0,0,0,45,45,45,45,43,88,89,87,86,0,0,0,0,0,36,36,36,36,43,86,87,83,82,0,0,0,0,0,37,37,37,37,43,84,88,86,82,1,0,0,0,0,44,44,44,44,43,90,91,93,92,0,0,0,0,0,34,34,34,34,43,92,93,97,96,0,0,0,0,0,46,46,46,46,43,96,97,95,94,0,0,0,0,0,36,36,36,36,43,94,95,91,90,0,0,0,0,0,37,37,37,37,43,92,96,94,90,1,0,0,0,0,44,44,44,44],
    "uvs":[[0,0]],
    "normals":[1,5.6234e-08,-0,1,1.18462e-14,1.61064e-07,1,-5.38969e-07,-2.44488e-07,1,2.38858e-07,-2.0636e-14,1,-0,4.88978e-07,1,-3.90092e-07,8.969e-08,3.62655e-06,-7.35497e-08,-1,-2.08876e-13,-1,8.63943e-08,-4.02951e-06,-2.24936e-07,1,0,0,0,-4.02951e-07,0,1,-4.02951e-07,7.35497e-08,1,-4.02951e-07,0,1,1,-6.32694e-14,-2.44488e-07,-8.05901e-07,0,1,2.47475e-07,2.58783e-07,1,1,0,-2.44488e-07,-0,-1,0,1,-0,0,0,1,0,4.37342e-08,0,1,4.37342e-08,0,1,-1.96164e-14,1,-6.88793e-08,0,1,-6.73781e-08,0,1,-6.5497e-08,-2.18727e-08,1,-6.62342e-08,-3.65614e-07,1,0,-8.10972e-08,1,-6.96199e-08,-0,1,-0,3.67218e-08,0,1,-1,-0,0,0,4.3338e-08,1,0,-4.3338e-08,-1,2.84794e-07,0,1,-1,0,0,4.93372e-08,0,-1,1,0,0,-0,0,1,0,-1,-0,0,-1,0,0,-0,1,1,0,2.99155e-08,4.93372e-08,0,-1,1.97349e-07,0,1,0,-1,-0,-1.97349e-07,0,-1,-0,0,-1],
    "materials":[{
        "colorEmissive":[0,0,0],
        "shading":"phong",
        "opacity":1,
        "transparent":false,
        "visible":true,
        "wireframe":false,
        "blending":1,
        "depthTest":true,
        "depthWrite":true,
        "doubleSided":false,
        "DbgName":"Material.001",
        "DbgColor":15658734,
        "DbgIndex":0,
        "colorDiffuse":[0.0355636,0.0355636,0.0355636],
        "specularCoef":50,
        "colorSpecular":[0.5,0.5,0.5]
    },{
        "colorEmissive":[0,0,0],
        "shading":"phong",
        "opacity":1,
        "transparent":false,
        "visible":true,
        "wireframe":false,
        "blending":1,
        "depthTest":true,
        "depthWrite":true,
        "doubleSided":false,
        "DbgName":"Material.003",
        "DbgColor":15597568,
        "DbgIndex":1,
        "colorDiffuse":[0.64,0.62968,0.416486],
        "specularCoef":50,
        "colorSpecular":[0.5,0.5,0.5]
    },{
        "colorEmissive":[0,0,0],
        "shading":"phong",
        "opacity":1,
        "transparent":false,
        "visible":true,
        "wireframe":false,
        "blending":1,
        "depthTest":true,
        "depthWrite":true,
        "doubleSided":false,
        "DbgName":"Material.005",
        "DbgColor":60928,
        "DbgIndex":2,
        "colorDiffuse":[0.64,0.444391,0.219677],
        "specularCoef":50,
        "colorSpecular":[0.5,0.5,0.5]
    },{
        "colorEmissive":[0,0,0],
        "shading":"phong",
        "opacity":1,
        "transparent":false,
        "visible":true,
        "wireframe":false,
        "blending":1,
        "depthTest":true,
        "depthWrite":true,
        "doubleSided":false,
        "DbgName":"Material.004",
        "DbgColor":238,
        "DbgIndex":3,
        "colorDiffuse":[0.64,0.225061,0.10082],
        "specularCoef":50,
        "colorSpecular":[0.5,0.5,0.5]
    }]
}