{
    "metadata":{
        "type":"Geometry",
        "generator":"io_three",
        "version":3,
        "vertices":55,
        "normals":32,
        "materials":2,
        "uvs":0,
        "faces":48
    },
    "vertices":[3.98737,3.89655,-3.4806,-3.98738,3.89655,-3.4806,-3.98738,3.89655,-4.07228,3.0122,3.26402,-4.07228,3.0122,3.26402,-3.4806,3.0122,3.89655,-3.4806,-2.50711,3.26402,-4.07228,-2.50711,3.26402,-3.4806,-2.50711,0.0224252,-4.07228,-3.98737,0.0224252,-4.07228,-2.50711,0.0224252,-3.4806,-3.98738,0.0224252,-3.4806,3.0122,0.0224252,-4.07228,3.0122,0.0224252,-3.4806,3.0122,0.855579,-3.4806,3.98738,0.855579,-3.4806,3.0122,1.92548,-3.4806,3.98738,1.92548,-3.4806,3.0122,2.9351,-3.4806,3.98738,2.9351,-3.4806,3.0122,2.80148,-3.4806,3.98738,2.80148,-3.4806,3.0122,1.77689,-3.4806,3.98738,1.77689,-3.4806,3.0122,0.736557,-3.4806,3.98738,0.736557,-3.4806,3.0122,0.736557,1.97094,3.0122,0.855579,1.97094,3.98738,0.736557,1.97094,3.98738,0.855579,1.97094,3.0122,1.77689,1.97094,3.0122,1.92548,1.97094,3.98738,1.77689,1.97094,3.98738,1.92548,1.97094,3.0122,2.80148,1.97094,3.0122,2.9351,1.97094,3.98738,2.80148,1.97094,3.98738,2.9351,1.97094,3.0122,0.143197,-3.4806,3.98738,0.143197,-3.4806,3.98738,0.143198,4.03877,3.0122,0.0224257,3.01197,3.0122,0.143198,3.01197,-3.91059,0.0224257,4.03877,-3.91059,0.143198,4.03877,-3.91059,0.0224257,3.01197,-3.91059,0.143198,3.01197,0.347234,0.143198,4.03877,0.347234,0.143198,3.66407,-0.372078,0.143198,4.03877,-0.372078,0.143198,3.66407,0.347234,3.90278,3.66407,0.347234,3.90278,4.03877,-0.372078,3.90278,4.03877,-0.372078,3.90278,3.66407],
    "faces":[34,0,5,1,1,0,0,0,34,1,11,10,1,1,1,1,34,1,10,7,1,2,2,2,34,18,19,0,1,3,3,3,34,1,7,4,1,4,4,4,34,4,18,0,1,5,5,5,34,1,4,0,1,6,6,6,35,6,7,10,8,1,7,7,7,7,35,3,4,7,6,1,0,0,0,0,35,1,2,9,11,1,8,8,8,8,34,22,16,20,1,9,9,9,34,18,4,3,1,10,10,10,34,22,20,18,1,9,9,9,34,18,3,12,1,11,11,11,34,12,13,38,1,12,12,12,34,38,24,14,1,9,9,9,34,22,18,12,1,10,10,10,34,15,23,22,1,13,13,13,34,12,38,14,1,10,10,10,34,14,15,22,1,14,14,14,34,22,12,14,1,11,11,11,35,21,20,16,17,1,15,15,15,15,35,22,23,32,30,1,16,16,16,16,35,37,35,34,36,0,15,15,15,15,35,33,31,30,32,0,15,15,15,15,35,29,27,26,28,0,15,15,15,15,35,20,21,36,34,1,16,16,16,16,35,15,14,27,29,1,17,17,17,17,35,14,24,26,27,0,18,18,18,18,35,16,22,30,31,0,18,18,18,18,35,18,20,34,35,0,18,18,18,18,35,17,16,31,33,1,17,17,17,17,35,19,18,35,37,1,19,19,19,19,35,25,24,38,39,1,15,15,15,15,34,42,46,44,1,20,20,20,34,44,49,50,1,21,21,21,34,48,47,40,1,22,22,22,34,42,44,50,1,23,23,23,34,42,50,48,1,24,24,24,34,39,38,42,1,25,25,25,34,42,48,40,1,26,26,26,34,42,40,39,1,27,27,27,35,38,13,41,42,0,28,28,28,28,35,41,45,46,42,0,29,29,29,29,35,50,49,53,54,1,30,30,30,30,35,48,50,54,51,1,29,29,29,29,35,47,48,51,52,1,31,31,31,31,35,46,45,43,44,0,18,18,18,18],
    "uvs":[],
    "normals":[0,-1,0,0,1.23082e-07,1,-3.22129e-07,0,1,0,-4.95955e-07,1,0,7.53854e-07,1,-4.88978e-07,0,1,-1.19587e-07,-5.69488e-07,1,1,2.66732e-13,3.62655e-06,-1,-3.38477e-07,-3.82803e-06,0,0,0,-1,-0,-4.02951e-07,-1,0,-4.02951e-07,-1,-7.95472e-13,-4.0295e-07,-0,0,1,0,0,1,0,-0,1,0,-1,4.37342e-08,0,1,-4.37342e-08,-1,0,-0,0,1,-8.74683e-08,0,1,-2.32196e-07,0,1,-6.36301e-07,0,1,-6.36301e-07,1.49579e-07,1,7.76283e-07,0,1,0,0,1,-3.67218e-08,-4.61031e-08,1,-1.88411e-07,-1.77717e-07,1,-6.34145e-08,-1,0,-0,0,-0,-1,-1,-0,0,1,0,0],
    "materials":[{
        "colorEmissive":[0,0,0],
        "shading":"phong",
        "opacity":1,
        "transparent":false,
        "visible":true,
        "wireframe":false,
        "blending":1,
        "depthTest":true,
        "depthWrite":true,
        "doubleSided":false,
        "DbgName":"Material.001",
        "DbgColor":15658734,
        "DbgIndex":0,
        "colorDiffuse":[0.0355636,0.0355636,0.0355636],
        "specularCoef":50,
        "colorSpecular":[0.5,0.5,0.5]
    },{
        "colorEmissive":[0,0,0],
        "shading":"phong",
        "opacity":1,
        "transparent":false,
        "visible":true,
        "wireframe":false,
        "blending":1,
        "depthTest":true,
        "depthWrite":true,
        "doubleSided":false,
        "DbgName":"Material.002",
        "DbgColor":60928,
        "DbgIndex":2,
        "colorDiffuse":[0.64,0.64,0.64],
        "specularCoef":50,
        "colorSpecular":[0.5,0.5,0.5]
    }]
}