{
    "metadata":{
        "type":"Geometry",
        "generator":"io_three",
        "version":3,
        "vertices":50,
        "normals":55,
        "uvs":0,
        "faces":73
    },
    "vertices":[1.10628,-0.00275874,0.125633,1.10628,-0.00275875,-0.125633,0.958292,-0.00275875,-0.121149,0.958292,8.04678,-0.121149,0.958292,-0.00275874,0.121149,0.958292,8.04678,0.121148,0.958292,7.55916,0.121148,0.958292,7.55916,-0.121149,1.29134,8.04678,0.0599928,1.29134,8.04678,-0.0599935,0.958292,6.10218,0.121148,0.958292,5.81078,0.121148,0.958292,4.3538,0.121148,0.958292,4.0624,0.121148,0.958292,2.60542,0.121149,1.29134,7.55916,-0.0599935,0.958292,6.10218,-0.121149,0.958292,5.81078,-0.121149,0.958292,4.3538,-0.121149,0.958292,4.0624,-0.121149,0.958292,2.60542,-0.121149,1.29134,-0.0027585,0.0599932,1.29134,7.55916,0.0599928,1.29134,-0.00275851,-0.0599932,1.29134,2.60542,-0.0599933,1.29134,4.3538,0.059993,1.29134,2.60542,0.059993,-1.10628,-0.00275874,0.125633,-1.10628,-0.00275875,-0.125633,-0.958292,-0.00275875,-0.121149,-0.958292,8.04678,-0.121149,-0.958292,-0.00275874,0.121149,-0.958292,8.04678,0.121148,-0.958292,7.55916,0.121148,-0.958292,7.55916,-0.121149,-1.29134,8.04678,0.0599928,-1.29134,8.04678,-0.0599935,-0.958292,6.10218,0.121148,-0.958292,5.81078,0.121148,-0.958292,4.3538,0.121148,-0.958292,4.0624,0.121148,-0.958292,2.60542,0.121149,-0.958292,6.10218,-0.121149,-0.958292,5.81078,-0.121149,-0.958292,4.3538,-0.121149,-0.958292,4.0624,-0.121149,-0.958292,2.60542,-0.121149,-1.29134,-0.0027585,0.0599932,-1.29134,-0.00275851,-0.0599932,-1.29134,4.3538,0.059993],
    "faces":[32,15,22,25,0,0,0,32,25,26,24,1,1,1,32,25,24,15,2,2,2,33,5,8,9,3,3,3,3,3,33,30,3,7,34,4,4,4,4,33,33,6,5,32,5,5,5,5,33,31,4,14,41,6,6,6,6,33,15,9,8,22,0,0,0,0,33,24,26,21,23,1,1,1,1,33,16,42,37,10,7,7,7,7,33,42,16,17,43,8,8,8,8,32,15,24,23,9,9,9,32,23,1,2,10,10,10,32,23,2,20,11,11,11,32,9,15,23,12,12,12,32,7,3,9,13,13,13,32,17,16,7,0,0,0,32,18,17,7,12,12,12,32,7,9,23,14,14,14,32,23,20,19,15,15,15,32,45,46,29,0,0,0,32,45,29,28,16,16,16,32,28,48,36,17,17,17,32,36,30,34,18,18,18,32,34,42,43,12,12,12,32,36,34,43,19,19,19,32,45,28,36,20,20,20,32,36,43,44,21,21,21,32,18,7,23,22,22,22,32,45,36,44,23,23,23,32,18,23,19,24,24,24,32,19,45,44,25,25,25,32,19,44,18,26,26,26,33,14,13,19,20,12,12,12,12,33,29,46,20,2,27,27,27,27,33,18,44,39,12,7,7,7,7,33,12,11,17,18,12,12,12,12,33,10,6,7,16,12,12,12,12,32,39,49,47,28,28,28,32,47,27,31,29,29,29,32,47,31,41,30,30,30,32,26,25,12,31,31,31,32,0,21,26,32,32,32,32,14,4,0,33,33,33,32,13,14,0,34,34,34,32,0,26,12,35,35,35,32,39,47,41,36,36,36,32,39,41,40,37,37,37,32,13,0,12,38,38,38,32,39,40,13,39,39,39,32,13,12,39,40,40,40,33,20,46,41,14,7,7,7,7,32,33,32,35,41,41,41,32,35,49,39,42,42,42,32,35,39,38,43,43,43,32,37,33,35,44,44,44,32,5,6,10,45,45,45,32,37,35,38,46,46,46,32,8,5,10,47,47,47,32,10,37,38,48,48,48,32,11,12,25,49,49,49,32,10,38,11,50,50,50,32,22,8,10,51,51,51,32,11,25,22,52,52,52,32,11,22,10,53,53,53,33,30,36,35,32,7,7,7,7,33,41,46,45,40,0,0,0,0,33,39,44,43,38,0,0,0,0,33,37,42,34,33,0,0,0,0,32,49,35,36,12,12,12,32,36,48,47,54,54,54,32,49,36,47,12,12,12,33,32,5,3,30,3,3,3,3],
    "uvs":[],
    "normals":[1,0,0,1,-0,0,1,0,-0,0,1,-0,0,-4.58381e-08,-1,0,4.58381e-08,1,0,4.28493e-08,1,0,1,0,0,-5.1137e-08,-1,-1,0,0,-1.01239e-07,1,-3.39292e-06,0.180606,-4.21447e-08,-0.983555,-1,0,0,0.180606,-4.50844e-08,-0.983555,0.180606,-4.27874e-08,-0.983556,0.180606,-4.52665e-08,-0.983555,0.0302881,-4.39667e-08,-0.999541,-0.334297,-4.09999e-08,-0.942468,-0.180606,-4.50844e-08,-0.983555,-0.180606,-4.19134e-08,-0.983555,-0.117893,0.00538715,-0.993012,-0.180606,-4.02369e-08,-0.983555,0.180606,-4.11514e-08,-0.983555,-0.180606,-3.77548e-08,-0.983555,0.180606,-5.66323e-08,-0.983556,0,-5.1137e-08,-1,-0,-5.1137e-08,-1,0,-4.28493e-08,-1,-0.180606,4.28929e-08,0.983555,1.01563e-07,1,3.29978e-06,-0.180606,4.21447e-08,0.983555,0.180606,4.19134e-08,0.983555,0.334297,4.17302e-08,0.942468,-0.0302881,4.28297e-08,0.999541,-0.030288,4.60022e-08,0.999541,0.22419,0.00861869,0.974507,-0.180606,4.40473e-08,0.983555,-1,-0,-0,-0.0302879,5.12686e-08,0.999541,0,5.1137e-08,1,-0,5.1137e-08,1,-0.180606,4.50844e-08,0.983555,-0.180606,4.26629e-08,0.983555,-0.180606,4.02369e-08,0.983555,-0.180606,4.02369e-08,0.983555,1,0,0,-0.180606,3.77548e-08,0.983556,0.180606,4.14524e-08,0.983555,-0,5.1137e-08,1,0.180606,4.02369e-08,0.983555,0,5.1137e-08,1,0.180606,3.75703e-08,0.983555,0.180606,4.34376e-08,0.983555,0.180606,5.66322e-08,0.983555,-1,0,-0]
}
