{
    "normals":[-1,0,0,0,-4.18005e-08,-1,1,0,0,0,3.13503e-08,1,0,-1,2.98023e-08,0,1,0],
    "vertices":[-1.27277,0.0470617,0.754948,-1.27277,5.75079,0.754948,-1.27277,0.0470617,-1.24505,-1.27277,5.75079,-1.24505,1.30348,0.0470617,0.754948,1.30348,5.75079,0.754948,1.30348,0.0470617,-1.24505,1.30348,5.75079,-1.24505],
    "faces":[35,0,1,3,2,0,0,0,0,0,35,2,3,7,6,0,1,1,1,1,35,6,7,5,4,0,2,2,2,2,35,1,0,4,5,0,3,3,3,3,35,4,0,2,6,0,4,4,4,4,35,7,3,1,5,0,5,5,5,5],
    "uvs":[],
    "materials":[],
    "metadata":{
        "normals":6,
        "type":"Geometry",
        "generator":"io_three",
        "materials":0,
        "version":3,
        "vertices":8,
        "uvs":0,
        "faces":6
    }
}