{
    "metadata":{
        "type":"Geometry",
        "generator":"io_three",
        "version":3,
        "vertices":84,
        "normals":63,
        "materials":2,
        "uvs":0,
        "faces":70
    },
    "vertices":[-3.159,1.38084e-07,3.159,3.159,1.38084e-07,3.159,-3.159,-1.38084e-07,-3.159,3.159,-1.38084e-07,-3.159,0,-7.72893e-08,-1.76817,-0.344953,-7.58042e-08,-1.7342,-0.982344,-6.42637e-08,-1.47018,-1.47018,-4.29396e-08,-0.982344,-1.63358,-2.95773e-08,-0.67665,-1.76817,-5.83518e-15,-1.33493e-07,-1.63358,2.95773e-08,0.67665,-1.25029,5.46518e-08,1.25029,-0.982344,6.42637e-08,1.47018,-0.344953,7.58042e-08,1.7342,5.76144e-07,7.72893e-08,1.76817,0.344954,7.58042e-08,1.7342,0.982345,6.42637e-08,1.47018,1.47018,4.29396e-08,0.982343,1.63358,2.95773e-08,0.676649,1.76817,-7.46305e-14,-1.70735e-06,1.63358,-2.95774e-08,-0.676652,1.25029,-5.46519e-08,-1.25029,0.982342,-6.42638e-08,-1.47018,0.344951,-7.58042e-08,-1.7342,-0.270981,0.471719,-1.36231,-0.771687,0.471719,-1.15491,-1.15491,0.471719,-0.771687,-1.28327,0.471719,-0.531547,-1.389,0.471719,-2.08843e-07,-1.28327,0.471719,0.531547,-0.982172,0.471719,0.982171,-0.771687,0.471719,1.15491,-0.27098,0.471719,1.36231,0.270981,0.471719,1.36231,0.771688,0.471719,1.15491,1.15491,0.471719,0.771686,1.28327,0.471719,0.531546,1.389,0.471719,-1.44519e-06,1.28327,0.471719,-0.531549,0.98217,0.471719,-0.982173,0.771686,0.471719,-1.15491,0.270978,0.471719,-1.36231,-0.243566,0.571719,-1.22449,-0.693618,0.571719,-1.03807,-1.03807,0.571719,-0.693618,-1.15344,0.571719,-0.477772,-1.24848,0.571719,-2.55118e-07,-1.15344,0.571719,0.477772,-0.882808,0.571719,0.882808,-0.693618,0.571719,1.03807,-0.243566,0.571719,1.22449,0.243567,0.571719,1.22449,0.693618,0.571719,1.03807,1.03807,0.571719,0.693617,1.15344,0.571719,0.477771,1.24848,0.571719,-1.36639e-06,1.15344,0.571719,-0.477774,0.882807,0.571719,-0.882809,0.693616,0.571719,-1.03807,0.243564,0.571719,-1.22449,7.24562e-09,-8.34724e-08,-1.90963,-0.37255,-8.18685e-08,-1.87293,-1.06093,-6.94048e-08,-1.5878,-1.5878,-4.63748e-08,-1.06093,-1.76426,-3.19435e-08,-0.730782,-1.90963,-4.54709e-15,-1.04025e-07,-1.76426,3.19435e-08,0.730782,-1.35031,5.90239e-08,1.35031,-1.06093,6.94048e-08,1.5878,-0.372549,8.18685e-08,1.87293,6.29481e-07,8.34724e-08,1.90963,0.37255,8.18685e-08,1.87293,1.06093,6.94048e-08,1.5878,1.5878,4.63748e-08,1.06093,1.76427,3.19435e-08,0.730781,1.90963,-7.8846e-14,-1.80379e-06,1.76426,-3.19436e-08,-0.730784,1.35031,-5.9024e-08,-1.35031,1.06093,-6.94048e-08,-1.5878,0.372547,-8.18685e-08,-1.87293,3.159,0,0,0,-1.38084e-07,-3.159,-3.159,0,0,0,1.38084e-07,3.159],
    "faces":[35,8,7,26,27,1,0,0,0,0,35,18,17,35,36,1,1,1,1,1,35,12,11,30,31,1,2,2,2,2,35,22,21,39,40,1,3,3,3,3,35,39,38,56,57,1,4,4,4,4,35,29,28,46,47,1,5,5,5,5,35,31,30,48,49,1,6,6,6,6,35,41,40,58,59,1,7,7,7,7,35,33,32,50,51,1,8,8,8,8,35,25,24,42,43,1,9,9,9,9,35,26,25,43,44,1,10,10,10,10,35,40,39,57,58,1,11,11,11,11,35,34,33,51,52,1,12,12,12,12,35,24,41,59,42,1,13,13,13,13,35,28,27,45,46,1,14,14,14,14,35,35,34,52,53,1,15,15,15,15,35,27,26,44,45,1,16,16,16,16,35,29,47,48,30,1,17,17,17,17,35,36,35,53,54,1,18,18,18,18,35,32,31,49,50,1,19,19,19,19,35,38,37,55,56,1,20,20,20,20,35,6,7,63,62,1,21,21,21,21,35,14,15,71,70,1,22,22,22,22,35,5,6,62,61,1,23,23,23,23,35,16,17,73,72,1,24,24,24,24,35,23,4,60,79,1,25,25,25,25,35,7,8,64,63,1,26,26,26,26,35,12,13,69,68,1,27,27,27,27,35,9,10,66,65,1,28,28,28,28,35,17,18,74,73,1,29,29,29,29,35,10,11,67,66,1,30,30,30,30,35,19,20,76,75,1,31,31,31,31,35,22,23,79,78,1,32,32,32,32,35,20,21,77,76,1,33,33,33,33,35,11,12,68,67,1,34,34,34,34,35,8,9,65,64,1,35,35,35,35,35,4,5,61,60,1,36,36,36,36,35,18,19,75,74,1,37,37,37,37,35,21,22,78,77,1,38,38,38,38,35,13,14,70,69,1,39,39,39,39,34,0,82,65,0,40,40,40,34,0,65,66,0,41,41,41,34,70,83,0,0,42,42,42,34,69,70,0,0,43,43,43,34,0,66,67,0,44,44,44,34,68,69,0,0,45,45,45,34,67,68,0,0,46,46,46,34,2,81,60,0,42,42,42,34,2,60,61,0,47,47,47,34,65,82,2,0,40,40,40,34,64,65,2,0,28,28,28,34,2,61,62,0,48,48,48,34,63,64,2,0,49,49,49,34,62,63,2,0,50,50,50,34,3,80,75,0,40,40,40,34,3,75,76,0,51,51,51,34,60,81,3,0,42,42,42,34,79,60,3,0,52,52,52,34,3,76,77,0,53,53,53,34,78,79,3,0,54,54,54,34,77,78,3,0,55,55,55,34,1,83,70,0,42,42,42,34,1,70,71,0,56,56,56,34,75,80,1,0,40,40,40,34,74,75,1,0,57,57,57,34,1,71,72,0,58,58,58,34,73,74,1,0,59,59,59,34,72,73,1,0,60,60,60,35,37,36,54,55,1,61,61,61,61,35,15,16,72,71,1,62,62,62,62],
    "uvs":[],
    "normals":[0.688685,-0.624666,0.36811,-0.688685,-0.624666,-0.368109,0.495393,-0.624666,-0.603637,-0.495392,-0.624666,0.603638,-0.4883,-0.809389,0.326272,0.575989,-0.809389,-0.114571,0.369004,-0.813429,-0.449633,-0.224739,-0.809389,0.54257,-2.71054e-07,-0.809389,-0.587273,0.22474,-0.809388,0.54257,0.415265,-0.809389,0.415265,-0.369004,-0.813429,0.449633,-0.22474,-0.809389,-0.542569,3.40148e-07,-0.809389,0.587273,0.57599,-0.809388,0.114572,-0.415265,-0.809389,-0.415265,0.512983,-0.813428,0.274195,0.4883,-0.809388,-0.326272,-0.512983,-0.813429,-0.274194,0.22474,-0.809389,-0.54257,-0.575989,-0.809389,0.114572,1.78451e-14,-1,4.37114e-08,4.92249e-15,-1,4.37114e-08,6.69191e-15,-1,4.37114e-08,-4.46127e-15,-1,4.37114e-08,4.37558e-15,-1,4.37114e-08,0,-1,4.37114e-08,-8.92253e-15,-1,4.37114e-08,0,-1,4.37114e-08,-8.75108e-15,-1,4.37114e-08,0,-1,4.37114e-08,-8.92253e-15,-1,4.37114e-08,2.00757e-14,-1,4.37113e-08,0,-1,4.37114e-08,-4.37554e-15,-1,4.37114e-08,-1.78451e-14,-1,4.37114e-08,1.20328e-14,-1,4.37114e-08,-8.92253e-15,-1,4.37114e-08,1.09389e-15,-1,4.37114e-08,4.92249e-15,-1,4.37114e-08,0,-1,4.37114e-08,-1.03561e-14,-1,4.37114e-08,0,-1,4.37114e-08,3.43742e-15,-1,4.37114e-08,3.80122e-15,-1,4.37114e-08,-4.22986e-15,-1,4.37114e-08,3.72818e-15,-1,4.37114e-08,1.06942e-14,-1,4.37114e-08,-1.05746e-15,-1,4.37114e-08,3.99642e-15,-1,4.37114e-08,-5.51318e-15,-1,4.37114e-08,5.17805e-15,-1,4.37114e-08,1.06943e-14,-1,4.37114e-08,0,-1,4.37114e-08,-1.05747e-15,-1,4.37114e-08,-1.11845e-14,-1,4.37114e-08,3.81936e-15,-1,4.37114e-08,0,-1,4.37114e-08,-4.22986e-15,-1,4.37114e-08,3.99642e-15,-1,4.37114e-08,1.83773e-15,-1,4.37114e-08,-0.575989,-0.809389,-0.114571,-6.6919e-15,-1,4.37114e-08],
    "materials":[{
        "colorEmissive":[0,0,0],
        "shading":"phong",
        "opacity":1,
        "transparent":false,
        "visible":true,
        "wireframe":false,
        "blending":1,
        "depthTest":true,
        "depthWrite":true,
        "doubleSided":false,
        "DbgName":"Roof",
        "DbgColor":15658734,
        "DbgIndex":0,
        "colorDiffuse":[0.64,0.492666,0],
        "specularCoef":50,
        "colorSpecular":[0.5,0.5,0.5]
    },{
        "colorEmissive":[0,0,0],
        "shading":"phong",
        "opacity":1,
        "transparent":false,
        "visible":true,
        "wireframe":false,
        "blending":1,
        "depthTest":true,
        "depthWrite":true,
        "doubleSided":false,
        "DbgName":"Roof Hole",
        "DbgColor":15597568,
        "DbgIndex":1,
        "colorDiffuse":[0.0161131,0.00849636,0.64],
        "specularCoef":50,
        "colorSpecular":[0.5,0.5,0.5]
    }]
}