{
    "metadata":{
        "type":"Geometry",
        "generator":"io_three",
        "version":3,
        "vertices":24,
        "normals":25,
        "uvs":0,
        "faces":25
    },
    "vertices":[0.326583,-0.0560957,-5.2865,0.326583,-0.0560952,5.28911,-1,-0.0560952,5.28911,-1,-0.0560957,-5.2865,0.326583,0.127885,-5.2865,0.326582,0.127886,5.28911,-1,0.127886,5.28911,-1,0.127885,-5.2865,0.326583,-0.0560952,4.20947,-1,-0.0560952,4.20947,0.326582,0.127886,4.20947,-1,0.127886,4.20947,6.80968,-0.0560855,4.20947,6.80968,-0.0560855,5.28911,6.80968,0.127895,5.28911,6.80968,0.127895,4.20947,-1,-0.0560957,-4.18979,-1,0.127885,-4.18979,0.326583,-0.0560957,-4.18979,0.326583,0.127885,-4.18979,6.76077,-0.0561021,-5.2865,6.76077,0.127879,-5.2865,6.76077,-0.0561021,-4.18979,6.76077,0.127879,-4.18979],
    "faces":[32,13,1,2,0,0,0,32,9,16,3,1,1,1,32,13,2,9,2,2,2,32,8,12,13,3,3,3,32,20,22,18,4,4,4,32,8,13,9,5,5,5,32,0,20,18,6,6,6,32,18,8,9,7,7,7,32,9,3,0,8,8,8,32,9,0,18,9,9,9,33,18,19,10,8,10,10,10,10,33,12,15,14,13,11,11,11,11,33,8,10,15,12,12,12,12,12,33,19,18,22,23,13,13,13,13,32,11,6,5,14,14,14,32,5,14,15,15,15,15,32,5,15,10,16,16,16,32,17,11,5,17,17,17,32,4,7,17,18,18,18,32,23,21,4,19,19,19,32,5,10,19,20,20,20,32,19,23,4,21,21,21,32,17,5,19,22,22,22,32,19,4,17,23,23,23,33,22,20,21,23,24,24,24,24],
    "uvs":[],
    "normals":[0,0,-1,0.934847,-0.35505,5.08074e-08,1.24404e-06,-1,1.37361e-13,1.4986e-06,-1,0,-1.00048e-06,-1,-0,-3.1751e-12,-1,8.99889e-06,-1.00048e-06,-1,0,-1.78555e-14,-1,4.96749e-08,-1.57934e-14,-1,4.39378e-08,-3.14517e-07,-1,-0,1,3.23972e-07,4.96749e-08,1,2.59178e-06,0,-3.89595e-12,2.59178e-06,-1,-5.18606e-12,-5.18356e-06,1,0,1,0,-1.50779e-06,1,0,-1.50779e-06,1,-1.03951e-12,4.0428e-08,1,-4.96749e-08,-0,1,0,1.00048e-06,1,-0,-0.599765,0.800176,-9.93352e-08,1.00048e-06,1,5.15552e-13,0,1,-4.4017e-08,-0,1,-0,1,-2.59178e-06,0]
}