{
    "metadata":{
        "type":"Geometry",
        "generator":"io_three",
        "version":3,
        "vertices":28,
        "normals":40,
        "uvs":0,
        "faces":44
    },
    "vertices":[1,-1,-4.42915,1,-1,4.42915,-1,-1,4.42915,-1,-1,-4.42915,0.999999,1,3.67915,-1,1,3.67915,-1,1,-3.74258,1,1,-3.74258,0.999999,4.00808,3.67915,-1,4.00808,-3.74258,-1,4.00808,3.67915,1,4.00808,-3.74258,-1,4.85923,-3.74258,1,4.85923,-3.74258,-1,4.852,3.67915,0.999999,4.852,3.67915,0.999999,11.0156,3.67915,0.999999,11.0156,4.42915,-1,11.0156,4.42915,-1,11.0156,3.67915,-1,10.4453,-3.74258,1,10.4453,-3.74258,1,11.0318,-4.42915,-1,11.0318,-4.42915,-1,11.0318,-3.74258,1,11.0318,-3.74258,-1,10.4487,3.67915,0.999999,10.4487,3.67915],
    "faces":[33,17,18,2,1,0,0,0,0,33,7,6,5,4,1,1,1,1,32,9,12,20,2,2,2,32,20,24,23,3,3,3,32,2,18,19,4,4,4,32,19,26,14,5,5,5,32,14,10,5,5,5,5,32,19,14,5,5,5,5,32,20,23,3,6,6,6,32,9,20,3,7,7,7,32,2,19,5,8,8,8,32,6,9,3,9,9,9,32,2,5,6,10,10,10,32,6,3,2,11,11,11,33,4,5,10,8,12,12,12,12,33,6,7,11,9,13,13,13,13,33,12,9,10,14,14,14,14,14,33,22,0,3,23,15,15,15,15,33,9,11,8,10,16,16,16,16,33,11,13,15,8,17,17,17,17,33,13,12,14,15,18,18,18,18,32,15,27,16,19,19,19,32,16,17,1,20,20,20,32,0,22,25,21,21,21,32,21,13,11,22,22,22,32,0,25,21,23,23,23,32,15,16,1,24,24,24,32,4,8,15,19,19,19,32,4,15,1,25,25,25,32,0,21,11,26,26,26,32,7,4,1,27,27,27,32,0,11,7,28,28,28,32,1,0,7,29,29,29,33,12,13,21,20,30,30,30,30,32,19,18,17,31,31,31,32,17,16,25,32,32,32,32,25,22,23,33,33,33,32,24,19,17,34,34,34,32,25,23,24,35,35,35,32,24,17,25,36,36,36,33,24,20,26,19,14,14,14,14,33,21,25,16,27,37,37,37,37,33,20,21,27,26,38,38,38,38,33,15,14,26,27,39,39,39,39],
    "uvs":[],
    "normals":[-1.3113e-06,-5.95274e-08,1,6.12725e-14,1,-4.01555e-08,-1,0,0,-1,-0,-8.68151e-08,-1,-1.98424e-08,0,-1,0,0,-1,-2.47696e-08,-1.07976e-07,-1,-1.92925e-14,-5.2089e-07,-1,1.51346e-14,3.17891e-07,-1,-4.12854e-14,-5.2089e-07,-1,-1.37279e-07,-4.81866e-08,-1,-1.60335e-07,-5.38294e-08,1.90735e-06,-7.92594e-08,-1,-1.07288e-06,7.92594e-08,1,-1,0,-4.81866e-08,8.34465e-07,9.90784e-08,-1,0,-1,-0,1,0,1.20467e-07,-1.38035e-09,1,0.000973048,1,0,0,1,4.96061e-08,1.58946e-07,1,-4.45853e-08,1.7363e-07,1,-0,0,1,0,-6.07705e-07,1,-2.45933e-14,-6.35785e-07,1,-3.93517e-14,-6.35785e-07,1,-2.25079e-14,-6.07704e-07,1,2.83593e-07,1.20467e-07,1,-4.81662e-14,-6.07704e-07,1,-2.08616e-07,9.82599e-15,-1.07288e-06,4.26811e-08,1,0,1,0,1,1.75984e-05,1.58946e-07,0,1,-0,-0.000819946,0.999997,0.00218651,-0,1,0,-1.8235e-09,0.999998,0.00198583,1,0,1.20467e-07,-6.2743e-10,-1,0.000456295,1.90735e-06,-4.26002e-08,-1]
}