{
    "metadata":{
        "type":"Geometry",
        "generator":"io_three",
        "version":3,
        "vertices":102,
        "normals":74,
        "materials":4,
        "uvs":1,
        "faces":78
    },
    "vertices":[0.805979,0.0531753,0.253713,-0.883918,0.0531753,0.253713,-0.883918,0.0531753,-0.00394246,0.805979,0.0531753,-0.00394233,0.805979,1.07785,0.253713,-0.883919,1.07785,0.253713,-0.883918,1.07785,-0.00394258,0.805979,1.07785,-0.00394249,0.634545,0.57447,0.409124,0.0673443,0.57447,0.409124,0.807355,0.49397,0.253852,-0.882543,0.49397,0.253852,0.634545,0.57447,0.705068,0.0673442,0.57447,0.705068,0.807355,0.49397,0.811952,-0.882543,0.49397,0.811952,0.805979,0.57447,0.253713,-0.883919,0.57447,0.253713,0.805979,0.57447,0.811813,-0.883919,0.57447,0.811813,0.634545,0.715327,0.409124,0.0673443,0.715327,0.409124,0.634545,0.715327,0.705068,0.0673442,0.715327,0.705068,-3.98372,0.012624,3.98846,-3.98372,4.29296,3.98846,-3.98372,0.0126237,-3.98126,-3.98372,4.29296,-3.98126,3.99159,0.0126239,3.98846,3.99159,4.29296,3.98846,3.99159,0.0126235,-3.98126,3.99159,4.29296,-3.98126,-3.00293,0.0165088,-3.97476,-3.00293,0.0165092,3.97476,-3.96902,0.0165092,3.97476,-3.00293,0.0960606,-3.97476,-3.00293,0.0960609,3.97477,-3.96902,0.0960609,3.97476,-3.96902,0.0960606,-3.97476,4.02368,0.016509,3.97476,3.05759,0.016509,3.97476,3.05759,0.0165087,-3.97477,4.02368,0.0960605,-3.97476,4.02367,0.0960608,3.97477,3.05759,0.0960608,3.97476,3.05759,0.0960605,-3.97476,-3.00293,0.806679,3.97476,-3.96902,0.806679,3.97476,-3.00293,0.90204,3.97477,-3.96902,0.90204,3.97476,-3.96902,0.90204,-3.97476,-3.00293,0.806679,-2.98163,-3.00293,0.90204,-2.98163,4.02984,0.902026,-3.97476,3.03836,0.902028,-2.98163,3.03836,0.806667,-2.98163,4.02984,0.901964,3.98075,4.02984,0.806603,3.98075,3.03836,0.901966,3.98075,3.03836,0.806605,3.98075,-3.00293,1.57281,3.97476,-3.96902,1.57281,3.97476,-3.96902,1.57281,-3.97477,-3.00293,1.66818,3.97477,-3.96902,1.66818,3.97476,-3.96902,1.66818,-3.97476,-3.00293,1.57281,-2.98163,-3.00293,1.66818,-2.98163,4.02984,1.5728,-3.97476,4.02984,1.66816,-3.97476,3.03836,1.66816,-2.98163,3.03836,1.5728,-2.98163,4.02984,1.6681,3.98075,4.02984,1.57274,3.98075,3.03836,1.6681,3.98075,3.03836,1.57274,3.98075,-3.00293,2.39003,3.97476,-3.96902,2.39003,3.97476,-3.96902,2.39003,-3.97477,-3.00293,2.48539,3.97477,-3.96902,2.48539,3.97476,-3.00293,2.39003,-2.98163,-3.00293,2.48539,-2.98163,4.02984,2.39001,-3.97476,3.03836,2.48538,-2.98163,3.03836,2.39001,-2.98163,4.02984,2.48531,3.98075,4.02984,2.38995,3.98075,3.03836,2.48531,3.98075,3.03836,2.38995,3.98075,-3.96902,2.80898,3.97476,-3.96902,2.80898,-3.97477,-3.96902,3.98708,3.97476,-3.96902,3.98708,-3.97476,3.96387,2.80897,-3.97476,3.96387,3.98707,-3.97476,3.96387,3.987,3.98075,3.96387,2.8089,3.98075,-3.00293,1.57281,3.97476,-3.00293,1.66818,3.97477,-3.00293,1.57281,-2.98163,-3.00293,1.66818,-2.98163],
    "faces":[43,4,7,6,5,2,0,0,0,0,0,0,0,0,43,16,4,5,17,0,0,0,0,0,1,1,1,1,43,6,7,3,2,0,0,0,0,0,2,2,2,2,42,16,18,14,0,0,0,0,3,3,3,42,10,0,3,0,0,0,0,4,4,4,42,16,14,10,0,0,0,0,5,5,5,42,7,4,16,0,0,0,0,6,6,6,42,10,3,7,0,0,0,0,7,7,7,42,16,10,7,0,0,0,0,8,8,8,43,0,10,11,1,0,0,0,0,0,9,9,9,9,42,17,5,6,0,0,0,0,10,10,10,42,6,2,1,0,0,0,0,11,11,11,42,11,15,19,0,0,0,0,12,12,12,42,6,1,11,0,0,0,0,13,13,13,42,11,19,17,0,0,0,0,14,14,14,42,17,6,11,0,0,0,0,15,15,15,43,14,18,19,15,0,0,0,0,0,16,16,16,16,43,9,13,23,21,0,0,0,0,0,17,17,17,17,43,9,8,16,17,2,0,0,0,0,18,18,18,18,43,12,13,19,18,2,0,0,0,0,19,19,19,19,43,13,9,17,19,2,0,0,0,0,0,0,0,0,43,8,12,18,16,2,0,0,0,0,19,19,19,19,43,20,21,23,22,2,0,0,0,0,19,19,19,19,43,12,8,20,22,0,0,0,0,0,20,20,20,20,43,13,12,22,23,0,0,0,0,0,21,21,21,21,43,26,24,28,30,1,0,0,0,0,22,22,22,22,43,31,29,25,27,1,0,0,0,0,23,23,23,23,43,31,27,26,30,0,0,0,0,0,24,24,24,24,43,26,27,25,24,0,0,0,0,0,25,25,25,25,43,29,31,30,28,0,0,0,0,0,26,26,26,26,43,35,38,37,36,2,0,0,0,0,27,27,27,27,43,32,35,36,33,3,1,2,3,4,28,28,28,28,43,33,36,37,34,3,5,6,7,8,29,29,29,29,43,42,45,44,43,2,0,0,0,0,30,30,30,30,43,39,43,44,40,3,9,10,11,12,31,31,31,31,43,40,44,45,41,3,13,14,15,16,32,32,32,32,43,51,52,48,46,3,17,18,19,20,33,33,33,33,43,46,48,49,47,3,0,21,22,23,34,34,34,34,42,54,58,56,2,0,0,0,35,35,35,42,50,49,48,2,0,0,0,36,36,36,42,50,48,52,2,0,0,0,37,37,37,42,54,56,53,2,0,0,0,38,38,38,42,50,52,54,2,0,0,0,39,39,39,42,54,53,50,2,0,0,0,40,40,40,43,54,55,59,58,3,0,24,25,23,41,41,41,41,43,52,51,55,54,3,26,27,28,29,42,42,42,42,43,58,59,57,56,3,30,31,32,33,43,43,43,43,43,90,91,93,92,3,0,21,22,23,44,44,44,44,43,100,101,99,98,3,34,35,36,37,45,45,45,45,43,60,63,64,61,3,38,39,40,41,46,46,46,46,42,70,74,72,2,0,0,0,47,47,47,42,65,64,63,2,0,0,0,48,48,48,42,65,63,67,2,0,0,0,49,49,49,42,70,72,69,2,0,0,0,50,50,50,42,65,67,70,2,0,0,0,51,51,51,42,70,69,65,2,0,0,0,52,52,52,42,68,73,75,1,0,0,0,53,53,53,42,68,75,71,1,0,0,0,54,54,54,42,60,61,62,1,0,0,0,55,55,55,42,68,71,66,1,0,0,0,56,56,56,42,66,60,62,1,0,0,0,57,57,57,42,62,68,66,1,0,0,0,58,58,58,43,70,71,75,74,3,42,43,44,45,59,59,59,59,43,67,66,71,70,3,46,47,48,49,60,60,60,60,43,74,75,73,72,3,50,51,52,53,61,61,61,61,43,81,82,79,76,3,54,55,56,57,62,62,62,62,43,76,79,80,77,3,0,21,58,23,63,63,63,63,42,83,87,89,2,0,0,0,64,64,64,42,83,89,85,2,0,0,0,65,65,65,42,76,77,78,2,0,0,0,66,66,66,42,83,85,81,2,0,0,0,67,67,67,42,81,76,78,2,0,0,0,68,68,68,42,78,83,81,2,0,0,0,69,69,69,43,84,85,89,88,3,59,60,61,62,70,70,70,70,43,82,81,85,84,3,63,64,65,66,71,71,71,71,43,88,89,87,86,3,67,68,69,70,61,61,61,61,43,94,97,96,95,3,0,21,22,23,72,72,72,72,43,91,94,95,93,3,0,21,71,23,73,73,73,73],
    "uvs":[[0,0,0.0669333,0.614212,0.070808,0.503969,0.968533,0.496031,0.962659,0.637773,0.423255,0.440972,0.433035,0.0787451,0.809043,0.0865571,0.791388,0.527529,0.0590588,0.582714,0.0649021,0.220486,0.492094,0.228298,0.486251,0.559028,0.0216549,0.425223,0.0924629,0.251984,0.980314,0.055059,0.942972,0.35429,-0.00196863,0.0787451,-6.25774e-05,-0.031498,0.994094,0.00781193,0.996125,0.118055,1,0,1,1,0,1,0.539341,0.031498,0.990157,0.590526,0.133867,0.708706,0.165302,0.299231,0.980314,0.165302,0.931161,0.795263,0.399631,0.692957,0.486188,0.251984,0.976376,0.149553,0.939035,0.480282,3.73631e-05,0.139648,0.000103144,3.73631e-05,0.999963,3.73631e-05,0.999897,0.139648,0.498063,0.393725,0.515718,0.0944941,0.838573,0.133804,0.840604,0.480282,0.338604,0.188988,0.38382,0.0787451,0.952753,0.118055,0.954784,0.275545,0.167333,0.393725,0.0334041,0.31498,0.706675,0.023561,0.9036,0.118055,0.379945,0.614212,0.385788,0.15749,0.996063,0.244047,0.972502,0.574777,0.840604,0.31498,0.966533,0.535467,0.102306,0.417286,0.190957,0.228298,1,0.244047,0.0590588,0.31498,0.242079,0.0944941,0.972439,0.133804,0.986282,0.338541,0.185051,0.866196,0.202706,0.724455,0.8996,0.637773,0.97447,0.779514,0.0708706,0.377976,0.086557,0.173239,0.982282,0.023561,0.97447,0.385788,0.998031,1.01575]],