{
    "metadata":{
        "type":"Geometry",
        "generator":"io_three",
        "version":3,
        "vertices":14,
        "normals":11,
        "uvs":0,
        "faces":11
    },
    "vertices":[0.586886,0.63858,-2.58792,0.586886,0.63858,2.58792,-1,0.63858,2.58791,-1,0.63858,-2.58792,0.586886,1,-2.58791,0.586885,1,2.58792,-1,1,2.58791,-1,1,-2.58792,0.586886,1.22021,-2.58791,0.586885,1.22021,2.58792,-0.507833,1.63551,-2.58791,-0.507834,1.63551,2.58792,-1,1.63551,-2.58792,-1,1.63551,2.58791],
    "faces":[33,0,4,5,1,0,0,0,0,33,1,5,6,2,1,1,1,1,32,4,7,12,2,2,2,32,12,10,8,3,3,3,32,12,8,4,4,4,4,33,4,0,3,7,5,5,5,5,32,5,9,11,6,6,6,32,11,13,6,7,7,7,32,11,6,5,8,8,8,33,6,7,12,13,9,9,9,9,33,4,7,6,5,10,10,10,10],
    "uvs":[],
    "normals":[1,8.24586e-08,1.09402e-07,-9.7658e-07,-1.64918e-06,1,7.51215e-07,0,-1,2.42213e-06,6.38475e-06,-1,7.51215e-07,0,-1,6.76094e-07,2.96852e-06,-1,0,0,1,-4.84427e-06,0,1,-1.50243e-06,-2.58807e-06,1,1,0,8.06117e-08,5.53662e-14,1,-4.60638e-08]
}