{
    "metadata":{
        "type":"Geometry",
        "generator":"io_three",
        "version":3,
        "vertices":53,
        "normals":76,
        "materials":2,
        "uvs":0,
        "faces":76
    },
    "vertices":[1.29302,0.000199685,1.06192,0.187956,2.58765,1.07553,1.18983,-0.0438682,1.06192,0.0977816,2.54315,1.07598,0.102818,2.787,0.421492,0.139931,2.7001,0.749321,0.0487059,2.65806,0.749923,0.0105696,2.74736,0.422245,1.29302,0.000199597,-0.938078,0.187956,2.58765,-0.951689,1.18983,-0.0438683,-0.938078,0.0977817,2.54315,-0.952134,0.0882031,2.82122,0.0619215,0.102818,2.787,-0.297649,0.139931,2.7001,-0.625478,0.0487059,2.65806,-0.62608,0.0105696,2.74736,-0.298402,1.18073,0.263117,0.804854,0.305678,2.31201,0.814965,1.18073,0.263117,-0.68101,0.305678,2.31201,-0.691122,1.13467,0.243447,0.804854,0.259622,2.29234,0.814965,1.13467,0.243447,-0.68101,0.259622,2.29234,-0.691122,-1.29302,0.000199685,1.06192,-0.187956,2.58765,1.07553,-1.18983,-0.0438682,1.06192,-0.0977815,2.54315,1.07598,-0.102818,2.787,0.421492,-0.139931,2.7001,0.749321,-0.0487058,2.65806,0.749923,-0.0105695,2.74736,0.422245,1.12447e-08,2.77373,0.257249,-1.29302,0.000199597,-0.938078,-0.187956,2.58765,-0.951689,-1.18983,-0.0438683,-0.938078,-0.0977817,2.54315,-0.952134,2.70668e-09,2.78329,0.0619215,-0.0882031,2.82122,0.0619215,-0.102818,2.787,-0.297649,-0.139931,2.7001,-0.625478,-0.048706,2.65806,-0.62608,-0.0105696,2.74736,-0.298402,-5.83136e-09,2.77373,-0.133406,-1.18073,0.263117,0.804854,-0.305678,2.31201,0.814965,-1.18073,0.263117,-0.68101,-0.305678,2.31201,-0.691122,-1.13467,0.243447,0.804854,-0.259622,2.29234,0.814965,-1.13467,0.243447,-0.68101,-0.259622,2.29234,-0.691122],
    "faces":[35,0,1,3,2,0,0,0,0,0,35,29,30,31,32,0,1,1,1,1,34,38,39,29,0,2,2,2,34,29,32,33,0,3,3,3,34,29,33,38,0,4,4,4,35,6,3,1,5,0,5,5,5,5,35,8,10,11,9,0,6,6,6,6,34,7,33,38,0,7,7,7,34,38,44,16,0,8,8,8,34,16,15,11,0,9,9,9,34,11,10,2,0,10,10,10,34,2,3,6,0,11,11,11,34,6,7,38,0,12,12,12,34,38,16,11,0,13,13,13,34,11,2,6,0,14,14,14,34,38,11,6,0,15,15,15,35,42,41,40,43,0,16,16,16,16,34,38,44,43,0,17,17,17,34,43,40,39,0,18,18,18,34,43,39,38,0,19,19,19,35,15,14,9,11,0,20,20,20,20,34,46,45,25,0,21,21,21,34,26,30,29,0,22,22,22,34,29,39,40,0,23,23,23,34,40,41,35,0,24,24,24,34,35,34,47,0,25,25,25,34,35,47,48,0,26,26,26,34,29,40,35,0,27,27,27,34,46,25,26,0,28,28,28,34,35,48,46,0,29,29,29,34,26,29,35,0,30,30,30,34,46,26,35,0,31,31,31,35,18,17,21,22,0,32,32,32,32,35,1,0,17,18,0,33,33,33,33,35,22,21,23,24,1,34,34,34,34,35,17,19,23,21,0,35,35,35,35,35,20,18,22,24,0,36,36,36,36,35,19,20,24,23,0,37,37,37,37,35,25,27,28,26,0,38,38,38,38,34,38,33,7,0,39,39,39,34,7,4,12,0,40,40,40,34,7,12,38,0,41,41,41,34,5,1,18,0,42,42,42,34,5,18,20,0,43,43,43,34,12,4,5,0,44,44,44,34,14,13,12,0,45,45,45,34,17,0,8,0,46,46,46,34,19,17,8,0,47,47,47,34,9,14,12,0,48,48,48,34,12,5,20,0,49,49,49,34,20,19,8,0,50,50,50,34,9,12,20,0,51,51,51,34,20,8,9,0,52,52,52,35,31,30,26,28,0,53,53,53,53,35,34,35,37,36,0,54,54,54,54,34,38,33,32,0,55,55,55,34,32,31,28,0,56,56,56,34,28,27,36,0,57,57,57,34,36,37,42,0,58,58,58,34,42,43,44,0,59,59,59,34,44,38,32,0,60,60,60,34,32,28,36,0,61,61,61,34,36,42,44,0,62,62,62,34,32,36,44,0,63,63,63,35,6,5,4,7,0,64,64,64,64,35,42,37,35,41,0,65,65,65,65,35,46,50,49,45,0,66,66,66,66,35,25,45,47,34,0,67,67,67,67,35,50,52,51,49,1,68,68,68,68,35,45,49,51,47,0,69,69,69,69,35,48,52,50,46,0,70,70,70,70,35,47,51,52,48,0,71,71,71,71,35,13,14,15,16,0,72,72,72,72,34,38,12,13,0,73,73,73,34,13,16,44,0,74,74,74,34,13,44,38,0,75,75,75],
    "uvs":[],
    "normals":[0.00397898,-0.00365696,0.999985,0.388657,0.877642,0.280518,0.39297,0.913772,0.102933,0.387946,0.905936,0.169643,0.202743,0.978061,0.047875,-0.400998,0.844842,0.354177,0.00397902,-0.00365706,-0.999985,-0.865614,-0.500114,-0.02448,-0.865613,-0.500116,0.0244801,-0.919643,-0.392756,-2.80872e-06,-0.921281,-0.388897,-9.31646e-08,-0.921277,-0.388904,0.00160642,-0.892909,-0.44985,-0.018667,-0.898059,-0.439528,0.0174866,-0.921199,-0.389091,-0.000292956,-0.928711,-0.3708,-0.00174433,0.388657,0.877642,-0.280518,-0.865612,0.500116,-0.0244801,0.392031,0.914175,-0.102934,0.392981,0.913799,-0.102652,-0.400998,0.844842,-0.354177,-0.919639,0.392764,2.84759e-07,-0.919634,0.392778,5.48126e-06,-0.919635,0.392773,1.15289e-07,-0.919633,0.392779,-5.98412e-06,-0.91964,0.392764,2.04921e-07,-0.919639,0.392764,4.12851e-07,-0.91964,0.392762,1.14334e-07,-0.919639,0.392764,-3.27032e-07,-0.91964,0.392763,1.09186e-07,-0.91964,0.392763,9.32523e-08,-0.91964,0.392763,9.46378e-08,-0.00178253,0.00417375,-0.99999,0.919639,0.392764,-1.82744e-07,0.919639,0.392764,0,-0.392762,0.91964,-3.71555e-08,0.39276,-0.919641,7.71717e-09,-0.00178254,0.00417379,0.99999,-0.00397898,-0.00365696,0.999985,0.865614,0.500114,0.02448,-0.392031,0.914175,0.102934,-0.392981,0.913799,0.102652,0.919639,0.392764,-3.01736e-07,0.91964,0.392764,3.63955e-08,0.919644,0.392753,-2.21834e-06,0.919644,0.392752,2.38405e-06,0.91964,0.392763,3.76455e-08,0.919639,0.392764,-1.57555e-08,0.919639,0.392765,-2.60666e-07,0.919639,0.392764,-1.94109e-08,0.91964,0.392764,1.55323e-07,0.91964,0.392764,1.71168e-07,0.919639,0.392764,3.27032e-07,0.400998,0.844843,0.354177,-0.00397904,-0.00365709,-0.999985,0.865614,-0.500114,-0.02448,0.919641,-0.392759,1.95607e-06,0.921281,-0.388897,-9.31646e-08,0.921277,-0.388904,-0.00160645,0.906947,-0.421144,0.00921054,0.981041,-0.193567,0.00947482,0.92096,-0.389655,0.00114723,0.9212,-0.389089,0.000275974,0.921323,-0.388798,-0.000926499,-0.388657,0.877642,0.280518,0.400998,0.844842,-0.354177,0.0017825,0.0041737,-0.99999,-0.919639,0.392764,1.30833e-08,-0.919639,0.392764,3.57671e-08,0.392762,0.91964,-3.71555e-08,-0.39276,-0.919641,3.85859e-08,0.00178256,0.00417384,0.99999,-0.388657,0.877642,-0.280518,-0.39297,0.913772,-0.102933,-0.387946,0.905936,-0.169643,-0.202743,0.978061,-0.047875],
    "materials":[{
        "colorEmissive":[0,0,0],
        "shading":"phong",
        "opacity":1,
        "transparent":false,
        "visible":true,
        "wireframe":false,
        "blending":1,
        "depthTest":true,
        "depthWrite":true,
        "doubleSided":false,
        "DbgName":" body",
        "DbgColor":15658734,
        "DbgIndex":0,
        "colorDiffuse":[0.108167,0.0520183,0.0168396],
        "specularCoef":50,
        "colorSpecular":[0.1,0.1,0.1]
    },{
        "colorEmissive":[0,0,0],
        "shading":"phong",
        "opacity":1,
        "transparent":false,
        "visible":true,
        "wireframe":false,
        "blending":1,
        "depthTest":true,
        "depthWrite":true,
        "doubleSided":false,
        "DbgName":"sign",
        "DbgColor":15597568,
        "DbgIndex":1,
        "colorDiffuse":[0.0182454,0.0182454,0.0182454],
        "specularCoef":50,
        "colorSpecular":[0.5,0.5,0.5]
    }]
}