{
    "metadata":{
        "type":"Geometry",
        "generator":"io_three",
        "version":3,
        "vertices":8,
        "normals":6,
        "uvs":0,
        "faces":6
    },
    "vertices":[0.638272,0.00320113,-0.638272,0.638272,0.00320113,0.638272,-0.638272,0.00320113,0.638271,-0.638271,0.00320113,-0.638272,0.956032,1.52751,-0.956031,0.956031,1.52752,0.956032,-0.956032,1.52752,0.956031,-0.956032,1.52751,-0.956032],
    "faces":[33,0,1,2,3,0,0,0,0,33,4,7,6,5,1,1,1,1,33,0,4,5,1,2,2,2,2,33,1,5,6,2,3,3,3,3,33,2,6,7,3,4,4,4,4,33,4,0,3,7,5,5,5,5],
    "uvs":[],
    "normals":[0,-1,0,5.44181e-14,1,-1.24692e-07,0.978955,-0.204074,3.60155e-07,-3.48149e-07,-0.204074,0.978955,-0.978955,-0.204074,-2.40103e-07,2.52108e-07,-0.204074,-0.978955]
}
