{
    "metadata":{
        "type":"Geometry",
        "generator":"io_three",
        "version":3,
        "vertices":8,
        "normals":6,
        "uvs":0,
        "faces":6
    },
    "vertices":[0.638272,0.00320113,-0.638272,0.638272,0.00320113,0.638272,-0.638272,0.00320113,0.638271,-0.638271,0.00320113,-0.638272,1.04881,1.66502,-0.974056,1.04881,1.66502,0.938007,-0.863254,1.66502,0.938006,-0.863253,1.66502,-0.974057],
    "faces":[33,0,1,2,3,0,0,0,0,33,4,7,6,5,1,1,1,1,33,0,4,5,1,2,2,2,2,33,1,5,6,2,3,3,3,3,33,2,6,7,3,4,4,4,4,33,4,0,3,7,5,5,5,5],
    "uvs":[],
    "normals":[0,-1,0,0,1,0,0.970814,-0.239832,3.16687e-07,-3.48702e-07,-0.177502,0.98412,-0.99096,-0.134159,-2.56377e-07,2.53591e-07,-0.198056,-0.980191]
}
