{
    "metadata":{
        "type":"Geometry",
        "generator":"io_three",
        "version":3,
        "vertices":76,
        "normals":34,
        "materials":2,
        "uvs":1,
        "faces":74
    },
    "vertices":[-3.98372,0.012624,4.09055,-3.98372,0.0126237,-4.17908,3.99159,0.0126239,4.09055,3.99159,0.0126235,-4.17908,3.7998,-0.203016,4.20157,3.7998,0.197998,4.20157,3.7998,-0.203016,-4.20578,3.7998,0.197998,-4.20578,4.19992,-0.203016,4.20157,4.19992,0.197998,4.20157,4.19992,-0.203016,-4.20578,4.19992,0.197998,-4.20578,3.7998,-0.203016,-3.80869,3.7998,0.197998,-3.80869,4.19992,-0.203016,-3.80869,4.19992,0.197998,-3.80869,3.7998,-0.203016,3.80306,4.19992,0.197998,3.80306,3.7998,0.197998,3.80306,4.19992,-0.203016,3.80306,3.7998,1.49675,-3.80869,3.7998,1.49675,-4.20578,4.19992,1.49675,-4.20578,4.19992,1.49675,3.80306,4.19992,1.49675,4.20157,3.7998,1.49675,4.20157,4.19992,1.49675,-3.80869,3.7998,1.49675,3.80306,3.99986,-0.203016,-4.20578,3.99986,0.197998,-4.20578,3.99986,-0.203016,4.20157,3.99986,0.197998,4.20157,3.99986,0.197998,-3.80869,3.99986,-0.203016,-3.80869,3.99986,0.197998,3.80306,3.99986,-0.203016,3.60101,3.99986,1.49675,-4.20578,3.99986,1.49675,4.20157,3.99986,1.49675,-3.80869,3.99986,1.49675,3.80306,-4.20047,-0.203016,4.20333,-4.20047,0.197998,4.20333,-4.20047,-0.203016,-4.2128,-4.20047,0.197998,-4.2128,-3.80035,-0.203016,4.20333,-3.80035,0.197998,4.20333,-3.80035,-0.203016,-4.2128,-3.80035,0.197998,-4.2128,-4.20047,-0.203016,-3.81572,-4.20047,0.197998,-3.81572,-3.80035,-0.203016,-3.81572,-3.80035,0.197998,-3.81572,-4.20047,-0.203016,3.80482,-3.80035,0.197998,3.80482,-4.20047,0.197998,3.80482,-3.80035,-0.203016,3.80482,-4.20047,1.49675,-3.81572,-4.20047,1.49675,-4.2128,-3.80035,1.49675,-4.2128,-3.80035,1.49675,3.80482,-3.80035,1.49675,4.20333,-4.20047,1.49675,4.20333,-3.80035,1.49675,-3.81572,-4.20047,1.49675,3.80482,-4.00041,-0.203016,-4.2128,-4.00041,0.197998,-4.2128,-4.00041,-0.203016,4.20333,-4.00041,0.197998,4.20333,-4.00041,0.197998,-3.81572,-4.00041,-0.203016,-3.60137,-4.00041,0.197998,3.80482,-4.00041,-0.203016,3.60101,-4.00041,1.49675,-4.2128,-4.00041,1.49675,4.20333,-4.00041,1.49675,-3.81572,-4.00041,1.49675,3.80482],
    "faces":[43,1,0,2,3,0,0,0,0,0,0,0,0,0,43,12,13,7,6,0,0,0,0,0,1,1,1,1,43,28,29,11,10,0,0,0,0,0,2,2,2,2,43,19,17,9,8,0,0,0,0,0,3,3,3,3,43,30,31,5,4,0,0,0,0,0,4,4,4,4,43,35,19,8,30,0,0,0,0,0,5,5,5,5,43,29,7,21,36,0,0,0,0,0,6,6,6,6,43,32,15,26,38,0,0,0,0,0,7,7,7,7,43,28,10,14,33,0,0,0,0,0,8,8,8,8,43,10,11,15,14,0,0,0,0,0,3,3,3,3,43,16,18,13,12,0,0,0,0,0,1,1,1,1,43,4,5,18,16,0,0,0,0,0,1,1,1,1,43,32,13,18,34,0,0,0,0,0,9,9,9,9,43,33,14,19,35,0,0,0,0,0,10,10,10,10,43,14,15,17,19,0,0,0,0,0,3,3,3,3,43,39,27,25,37,0,0,0,0,0,11,11,11,11,43,36,21,20,38,0,0,0,0,0,12,12,12,12,43,34,18,27,39,0,0,0,0,0,6,6,6,6,43,9,17,23,24,0,0,0,0,0,3,3,3,3,43,15,11,22,26,0,0,0,0,0,3,3,3,3,43,7,13,20,21,0,0,0,0,0,13,13,13,13,43,18,5,25,27,0,0,0,0,0,13,13,13,13,43,31,9,24,37,0,0,0,0,0,7,7,7,7,43,5,31,37,25,0,0,0,0,0,7,7,7,7,43,17,34,39,23,0,0,0,0,0,6,6,6,6,43,22,36,38,26,0,0,0,0,0,14,14,14,14,43,23,39,37,24,0,0,0,0,0,11,11,11,11,43,12,33,35,16,0,0,0,0,0,15,15,15,15,43,15,32,34,17,0,0,0,0,0,16,16,16,16,43,6,28,33,12,0,0,0,0,0,17,17,17,17,43,13,32,38,20,0,0,0,0,0,7,7,7,7,43,11,29,36,22,0,0,0,0,0,6,6,6,6,43,16,35,30,4,0,0,0,0,0,18,18,18,18,43,8,9,31,30,0,0,0,0,0,4,4,4,4,43,6,7,29,28,0,0,0,0,0,2,2,2,2,43,34,32,38,39,1,0,0,0,0,3,3,3,3,43,48,49,43,42,0,0,0,0,0,1,1,1,1,43,64,65,47,46,0,0,0,0,0,2,2,2,2,43,55,53,45,44,0,0,0,0,0,3,3,3,3,43,66,67,41,40,0,0,0,0,0,4,4,4,4,43,71,55,44,66,0,0,0,0,0,19,19,19,19,43,65,43,57,72,0,0,0,0,0,6,6,6,6,43,68,51,62,74,0,0,0,0,0,7,7,7,7,43,64,46,50,69,0,0,0,0,0,20,20,20,20,43,46,47,51,50,0,0,0,0,0,3,3,3,3,43,52,54,49,48,0,0,0,0,0,21,21,21,21,43,40,41,54,52,0,0,0,0,0,1,1,1,1,43,68,49,54,70,0,0,0,0,0,22,22,22,22,43,69,50,55,71,0,0,0,0,0,23,23,23,23,43,50,51,53,55,0,0,0,0,0,24,24,24,24,43,75,63,61,73,0,0,0,0,0,11,11,11,11,43,72,57,56,74,0,0,0,0,0,14,14,14,14,43,70,54,63,75,0,0,0,0,0,6,6,6,6,43,45,53,59,60,0,0,0,0,0,3,3,3,3,43,51,47,58,62,0,0,0,0,0,3,3,3,3,43,43,49,56,57,0,0,0,0,0,13,13,13,13,43,54,41,61,63,0,0,0,0,0,13,13,13,13,43,67,45,60,73,0,0,0,0,0,7,7,7,7,43,41,67,73,61,0,0,0,0,0,7,7,7,7,43,53,70,75,59,0,0,0,0,0,6,6,6,6,43,58,72,74,62,0,0,0,0,0,25,25,25,25,43,59,75,73,60,0,0,0,0,0,11,11,11,11,43,48,69,71,52,0,0,0,0,0,26,26,26,26,43,51,68,70,53,0,0,0,0,0,27,27,27,27,43,42,64,69,48,0,0,0,0,0,28,28,28,28,43,49,68,74,56,0,0,0,0,0,7,7,7,7,43,47,65,72,58,0,0,0,0,0,6,6,6,6,43,52,71,66,40,0,0,0,0,0,29,29,29,29,43,44,45,67,66,0,0,0,0,0,4,4,4,4,43,42,43,65,64,0,0,0,0,0,2,2,2,2,43,70,68,74,75,1,0,0,0,0,30,30,30,30,43,12,16,55,50,0,0,0,0,0,31,31,31,31,43,16,4,44,55,0,0,0,0,0,32,32,32,32,43,6,12,50,46,0,0,0,0,0,33,33,33,33],
    "uvs":[[0,0]],
    "normals":[1.86841e-08,1,-4.32459e-08,-1,0,0,-0,0,-1,1,0,0,-0,0,1,-3.01271e-08,-1,5.96607e-08,0,-0,-1,0,0,1,0,-1,7.50523e-08,0,1,-4.30683e-08,-2.20409e-08,-1,4.36476e-08,0,1,0,0,1,-3.00209e-07,-1,-0,0,0,1,-3.00209e-07,2.2041e-08,-1,4.36476e-08,0,1,-4.30683e-08,0,-1,7.50523e-08,3.01272e-08,-1,5.96607e-08,-3.03358e-08,-1,5.95559e-08,3.16611e-08,-1,5.91007e-08,-1,0,0,0,1,-4.49741e-08,1.16535e-09,-1,4.42323e-08,1,0,3.12863e-08,0,1,-3.00209e-07,-1.16535e-09,-1,4.42323e-08,0,1,-4.49741e-08,-3.1661e-08,-1,5.91007e-08,3.03358e-08,-1,5.95559e-08,1,0,6.25726e-08,-1.96213e-08,-1,4.30435e-08,-1.95891e-08,-1,7.47855e-08,-1.96758e-08,-1,7.50523e-08],
    "materials":[{
        "colorEmissive":[0,0,0],
        "shading":"phong",
        "opacity":1,
        "transparent":false,
        "visible":true,
        "wireframe":false,
        "blending":1,
        "depthTest":true,
        "depthWrite":true,
        "doubleSided":false,
        "DbgName":"Material.001",
        "DbgColor":15658734,
        "DbgIndex":0,
        "colorDiffuse":[0.64,0.64,0.64],
        "specularCoef":50,
        "colorSpecular":[0.5,0.5,0.5]
    },{
        "colorEmissive":[0,0,0],
        "shading":"phong",
        "opacity":1,
        "transparent":false,
        "visible":true,
        "wireframe":false,
        "blending":1,
        "depthTest":true,
        "depthWrite":true,
        "doubleSided":false,
        "DbgName":"Material.002",
        "DbgColor":15597568,
        "DbgIndex":1,
        "colorDiffuse":[0.258797,0.292594,0.64],
        "specularCoef":50,
        "colorSpecular":[0.5,0.5,0.5]
    }]
}