{
    "metadata":{
        "type":"Geometry",
        "generator":"io_three",
        "version":3,
        "vertices":32,
        "normals":11,
        "uvs":0,
        "faces":28
    },
    "vertices":[-4.19243,0.010632,4.18874,-4.19243,0.0106319,3.81019,-3.79057,0.010632,4.18874,-3.79057,0.0106319,3.81019,-4.19243,4.29026,3.81019,-3.79057,4.29026,3.81019,-3.79057,4.29026,4.18874,-4.19243,4.29026,4.18874,-4.19243,3.20032,3.81019,-3.79057,3.20032,3.81019,-3.79057,3.20032,4.18874,-4.19243,3.20032,4.18874,-4.19243,2.79106,3.81019,-3.79057,2.79106,3.81019,-3.79057,2.79106,4.18874,-4.19243,2.79106,4.18874,4.02585,4.29026,3.81019,4.02585,3.20032,3.81019,4.02585,3.20032,4.18874,4.02585,2.79106,3.81019,4.02585,2.79106,4.18874,-4.19243,0.010632,3.99946,-3.79057,0.010632,3.99946,-3.79057,4.29026,3.99946,-4.19243,4.29026,3.99946,-4.19243,3.20032,3.99946,-3.79057,3.20032,3.99946,-3.79057,2.79106,3.99946,-4.19243,2.79106,3.99946,4.02585,4.29026,3.99946,4.02585,3.20032,3.99946,4.02585,2.79106,3.99946],
    "faces":[33,26,10,18,30,0,0,0,0,33,2,0,21,22,1,1,1,1,33,13,9,17,19,2,2,2,2,33,10,6,7,11,3,3,3,3,33,26,23,6,10,4,4,4,4,33,8,4,5,9,2,2,2,2,33,25,24,4,8,5,5,5,5,33,28,25,8,12,5,5,5,5,33,12,8,9,13,2,2,2,2,33,14,10,11,15,3,3,3,3,33,15,0,2,14,6,6,6,6,33,22,27,14,2,4,4,4,4,33,1,12,13,3,7,7,7,7,33,21,28,12,1,5,5,5,5,33,31,30,18,20,4,4,4,4,33,27,13,19,31,8,8,8,8,33,10,14,20,18,9,9,9,9,33,23,5,16,29,8,8,8,8,33,14,27,31,20,8,8,8,8,33,19,17,30,31,4,4,4,4,33,0,15,28,21,5,5,5,5,33,3,13,27,22,4,4,4,4,33,15,11,25,28,5,5,5,5,33,11,7,24,25,5,5,5,5,33,9,5,23,26,4,4,4,4,33,1,3,22,21,10,10,10,10,33,9,26,30,17,0,0,0,0,33,26,30,29,23,6,6,6,6],
    "uvs":[],
    "normals":[0,1,0,0,-1,0,-0,0,-1,-0,0,1,1,0,0,-1,0,0,0,0,1,-0,0,-1,-0,-1,0,0,0,1,0,-1,3.14911e-07]
}