{
    "metadata":{
        "type":"Geometry",
        "generator":"io_three",
        "version":3,
        "vertices":48,
        "normals":22,
        "uvs":0,
        "faces":47
    },
    "vertices":[-4.19243,4.29806,4.18874,-4.19243,4.29806,3.81019,-3.79057,4.29806,4.18874,-3.79057,4.29806,3.81019,-4.19243,8.76058,3.81019,-3.79057,8.76058,3.81019,-3.79057,8.76058,4.18874,-4.19243,8.76058,4.18874,-4.19243,8.38532,3.81019,-3.79057,8.38532,3.81019,-3.79057,8.38532,4.18874,-4.19243,8.38532,4.18874,-4.19243,7.48775,3.81019,-3.79057,7.48775,3.81019,-3.79057,7.48775,4.18874,-4.19243,7.48775,4.18874,-4.19243,7.07849,3.81019,-3.79057,7.07849,3.81019,-3.79057,7.07849,4.18874,-4.19243,7.07849,4.18874,4.02585,8.76058,3.81019,4.02585,8.76058,4.18874,4.02585,8.38532,3.81019,4.02585,8.38532,4.18874,4.02585,7.48775,3.81019,4.02585,7.48775,4.18874,4.02585,7.07849,3.81019,4.02585,7.07849,4.18874,-4.19243,4.29806,3.99946,-3.79057,4.29806,3.99946,-4.19243,8.76058,3.99946,-3.79057,8.76058,3.99946,-3.79057,8.38532,3.99946,-4.19243,8.38532,3.99946,-4.19243,7.48775,3.99946,-3.79057,7.48775,3.99946,-3.79057,7.07849,3.99946,-4.19243,7.07849,3.99946,4.02585,8.76058,3.99946,4.02585,8.38532,3.99946,4.02585,7.48775,3.99946,4.02585,7.07849,3.99946,-3.79057,9.97117,4.99771,4.02585,9.97117,4.99771,-4.19243,9.96212,4.82585,-3.79057,9.96212,4.82585,-3.79057,9.96212,5.2044,-4.19243,9.96212,5.2044],
    "faces":[33,35,14,25,40,0,0,0,0,33,2,0,28,29,1,1,1,1,33,33,30,4,8,2,2,2,2,33,8,4,5,9,3,3,3,3,33,17,13,24,26,4,4,4,4,33,10,6,7,11,5,5,5,5,33,14,10,11,15,6,6,6,6,33,35,32,10,14,7,7,7,7,33,12,8,9,13,8,8,8,8,33,34,33,8,12,9,9,9,9,33,37,34,12,16,2,2,2,2,33,16,12,13,17,10,10,10,10,33,18,14,15,19,5,5,5,5,33,19,0,2,18,11,11,11,11,33,29,36,18,2,12,12,12,12,33,1,16,17,3,8,8,8,8,33,28,37,16,1,2,2,2,2,33,41,40,25,27,7,7,7,7,33,36,17,26,41,13,13,13,13,33,14,18,27,25,14,14,14,14,33,9,5,20,22,3,3,3,3,33,31,6,21,38,0,0,0,0,33,32,9,22,39,13,13,13,13,33,6,10,23,21,15,15,15,15,33,10,32,39,23,13,13,13,13,33,5,31,38,20,0,0,0,0,33,18,36,41,27,13,13,13,13,33,26,24,40,41,12,12,12,12,33,0,19,37,28,2,2,2,2,33,3,17,36,29,12,12,12,12,33,19,15,34,37,9,9,9,9,33,15,11,33,34,9,9,9,9,33,13,9,32,35,7,7,7,7,33,11,7,30,33,2,2,2,2,33,1,3,29,28,16,16,16,16,33,13,35,40,24,0,0,0,0,33,35,40,39,32,14,14,14,14,32,39,22,20,17,17,17,32,38,21,23,18,18,18,32,39,20,38,12,12,12,32,38,23,39,18,18,18,33,38,43,42,31,19,19,19,19,33,4,7,47,44,2,2,2,2,33,44,47,46,45,0,0,0,0,33,6,5,45,46,12,12,12,12,33,7,6,46,47,20,20,20,20,33,5,4,44,45,21,21,21,21],
    "uvs":[],
    "normals":[0,1,0,0,-1,0,-1,0,0,-0,0,-1,0,-5.82562e-07,-1,-0,0,1,-0,0,1,1,0,0,-0,0,-1,-1,0,0,0,-5.82562e-07,-1,0,1.71497e-07,1,1,0,0,-0,-1,0,0,0,1,0,0,1,0,-1,-0,1,0,-0,1,-0,0,0,-0.636199,0.771525,0,-0.645561,0.763708,0,0.645561,-0.763708]
}