{
    "metadata":{
        "type":"Geometry",
        "generator":"io_three",
        "version":3,
        "vertices":84,
        "normals":38,
        "uvs":1,
        "faces":98
    },
    "vertices":[-4.20332,-0.205416,4.19952,-4.20332,4.50111,4.19952,-4.20332,-0.205416,3.80064,-4.20332,4.50111,3.80064,-3.79881,-0.205416,4.19952,-3.79881,4.50111,4.19952,-3.79881,-0.205416,3.80064,-3.79881,4.50111,3.80064,-4.20332,4.10143,4.19952,-4.20332,4.10143,3.80064,-3.79881,4.10143,3.80064,-3.79881,4.10143,4.19952,4.20455,4.50111,3.80064,4.20455,4.50111,4.19952,4.20455,4.10143,3.80064,4.20455,4.10143,4.19952,3.79553,4.50111,3.80064,3.79553,4.10143,3.80064,3.79553,4.50111,4.19952,3.79553,4.10143,4.19952,4.20455,-0.189519,3.80064,4.20455,-0.189519,4.19952,3.79553,-0.189519,3.80064,3.79553,-0.189519,4.19952,-4.20332,4.50111,-4.19514,-3.79881,4.50111,-4.19514,-4.20332,4.10143,-4.19514,-3.79881,4.10143,-4.19514,-4.20332,4.50111,-3.79485,-4.20332,4.10143,-3.79485,-3.79881,4.10143,-3.79485,-3.79881,4.50111,-3.79485,-4.20332,-0.194989,-4.19514,-3.79881,-0.194989,-4.19514,-4.20332,-0.194989,-3.79485,-3.79881,-0.194989,-3.79485,4.19612,4.50111,-4.19514,4.19612,4.10143,-4.19514,4.19612,4.50111,-3.79485,4.19612,4.10143,-3.79485,3.80649,4.50111,-4.19514,3.80649,4.10143,-4.19514,3.80649,4.50111,-3.79485,3.80649,4.10143,-3.79485,4.19612,-0.198509,-4.19514,4.19612,-0.198509,-3.79485,3.80649,-0.198509,-3.79485,3.80649,-0.198509,-4.19514,-4.20332,5.99805,5.20142,-4.20332,5.99805,4.80254,-3.79881,5.99805,4.80254,-3.79881,5.99805,5.20142,4.20455,5.99484,4.79853,4.20455,5.99484,5.19741,3.79553,5.99484,4.79853,3.79553,5.99484,5.19741,3.79553,4.50111,4.00008,3.79553,5.99484,4.99797,-3.79881,4.50111,4.00008,-3.79881,5.99805,5.00198,-4.20332,5.98056,-5.1849,-3.79881,5.98056,-5.1849,-4.20332,5.98056,-4.7846,-3.79881,5.98056,-4.7846,4.19612,5.99484,-4.7846,4.19612,5.99484,-5.1849,3.80649,5.99484,-5.1849,3.80649,5.99484,-4.7846,-3.79881,4.50111,-3.99499,3.80649,4.50111,-3.99499,-3.79881,5.98056,-4.98475,3.80649,5.99484,-4.98475,-4.00107,4.50111,3.80064,-4.00107,4.50111,-3.79485,-4.00107,5.99805,4.80254,-4.00107,5.98056,-4.7846,-4.13085,0.012624,4.15603,-3.98372,4.29296,3.98846,-4.13085,0.0126236,-3.98126,-3.98372,4.29296,-3.98126,3.99159,0.0126239,4.15604,3.99159,4.29296,3.98846,3.99159,0.0126235,-3.98126,3.99159,4.29296,-3.98126],
    "faces":[41,8,1,3,9,0,0,0,0,0,0,0,0,41,29,28,24,26,0,0,0,0,0,0,0,0,41,17,16,12,14,0,0,0,0,1,1,1,1,41,11,5,1,8,0,0,0,0,2,2,2,2,41,4,0,2,6,0,0,0,0,3,3,3,3,41,1,5,51,48,0,0,0,0,4,4,4,4,41,8,0,4,11,0,0,0,0,5,5,5,5,41,6,10,11,4,0,0,0,0,6,6,6,6,41,2,9,10,6,0,0,0,0,7,7,7,7,41,0,8,9,2,0,0,0,0,0,0,0,0,41,14,12,13,15,0,0,0,0,6,6,6,6,41,18,13,53,55,0,0,0,0,8,8,8,8,41,19,17,22,23,0,0,0,0,0,0,0,0,41,18,19,15,13,0,0,0,0,9,9,9,9,41,5,11,19,18,0,0,0,0,5,5,5,5,41,11,10,17,19,0,0,0,0,10,10,10,10,40,16,7,58,0,0,0,11,11,11,40,58,5,18,0,0,0,12,12,12,40,56,16,58,0,0,0,11,11,11,40,58,18,56,0,0,0,13,13,13,41,10,7,16,17,0,0,0,0,7,7,7,7,41,23,22,20,21,0,0,0,0,3,3,3,3,41,15,19,23,21,0,0,0,0,14,14,14,14,41,17,14,20,22,0,0,0,0,15,15,15,15,41,14,15,21,20,0,0,0,0,16,16,16,16,41,26,24,25,27,0,0,0,0,7,7,7,7,41,29,26,32,34,0,0,0,0,0,0,0,0,41,24,28,62,60,0,0,0,0,0,0,0,0,41,41,40,36,37,0,0,0,0,7,7,7,7,41,7,10,30,31,0,0,0,0,17,17,17,17,41,72,74,75,73,0,0,0,0,0,0,0,0,41,10,9,29,30,0,0,0,0,18,18,18,18,41,9,3,28,29,0,0,0,0,0,0,0,0,41,35,34,32,33,0,0,0,0,19,19,19,19,41,26,27,33,32,0,0,0,0,15,15,15,15,41,30,29,34,35,0,0,0,0,14,14,14,14,41,27,30,35,33,0,0,0,0,16,16,16,16,41,38,39,37,36,0,0,0,0,17,17,17,17,41,36,40,66,65,0,0,0,0,20,20,20,20,41,42,43,39,38,0,0,0,0,5,5,5,5,41,41,37,44,47,0,0,0,0,21,21,21,21,41,30,27,41,43,0,0,0,0,10,10,10,10,41,31,30,43,42,0,0,0,0,9,9,9,9,41,69,71,70,68,0,0,0,0,22,22,22,22,41,27,25,40,41,0,0,0,0,1,1,1,1,41,46,47,44,45,0,0,0,0,10,10,10,10,41,39,43,46,45,0,0,0,0,23,23,23,23,41,43,41,47,46,0,0,0,0,24,24,24,24,41,37,39,45,44,0,0,0,0,25,25,25,25,40,59,50,74,0,0,0,12,12,12,40,74,49,48,0,0,0,11,11,11,40,48,51,59,0,0,0,13,13,13,40,74,48,59,0,0,0,26,26,26,41,72,3,49,74,0,0,0,0,27,27,27,27,40,51,5,58,0,0,0,6,6,6,40,58,7,50,0,0,0,17,17,17,40,59,51,58,0,0,0,16,16,16,40,58,50,59,0,0,0,6,6,6,41,3,1,48,49,0,0,0,0,0,0,0,0,40,52,54,57,0,0,0,11,11,11,40,57,55,53,0,0,0,12,12,12,40,57,53,52,0,0,0,13,13,13,41,12,16,54,52,0,0,0,0,28,28,28,28,41,13,12,52,53,0,0,0,0,6,6,6,6,40,54,16,56,0,0,0,0,0,0,40,56,18,55,0,0,0,29,29,29,40,57,54,56,0,0,0,0,0,0,40,56,55,57,0,0,0,30,30,30,41,57,56,58,59,0,0,0,0,31,31,31,31,40,60,62,75,0,0,0,12,12,12,40,75,63,70,0,0,0,13,13,13,40,70,61,60,0,0,0,12,12,12,40,75,70,60,0,0,0,13,13,13,41,73,31,63,75,0,0,0,0,32,32,32,32,41,25,24,60,61,0,0,0,0,33,33,33,33,41,68,25,61,70,0,0,0,0,6,6,6,6,40,65,66,71,0,0,0,11,11,11,40,71,67,64,0,0,0,12,12,12,40,71,64,65,0,0,0,34,34,34,41,69,42,67,71,0,0,0,0,24,24,24,24,41,38,36,65,64,0,0,0,0,6,6,6,6,41,42,38,64,67,0,0,0,0,35,35,35,35,41,40,69,71,66,0,0,0,0,0,0,0,0,41,31,68,70,63,0,0,0,0,6,6,6,6,41,28,73,75,62,0,0,0,0,32,32,32,32,40,40,25,68,0,0,0,11,11,11,40,68,31,42,0,0,0,12,12,12,40,69,40,68,0,0,0,11,11,11,40,68,42,69,0,0,0,13,13,13,41,7,72,74,50,0,0,0,0,27,27,27,27,40,28,3,72,0,0,0,12,12,12,40,72,7,31,0,0,0,13,13,13,40,73,28,72,0,0,0,11,11,11,40,72,31,73,0,0,0,13,13,13,41,78,76,80,82,0,0,0,0,36,36,36,36,41,83,81,77,79,0,0,0,0,37,37,37,37,41,83,79,78,82,0,0,0,0,14,14,14,14,41,81,83,82,80,0,0,0,0,0,0,0,0],
    "uvs":[[0,0]],
    "normals":[-1,0,0,-0,0,-1,-0,0,1,0,-1,1.49428e-07,0,-0.556212,0.831041,0,0,1,1,0,0,-0,0,-1,0,-0.555496,0.831519,0,0,1,-0,-1,0,-0,1,0,0,1,0,0,1,-0,0,-0,1,0,0,-1,1,-0,0,1,0,-0,0,-1,6.2779e-08,0,-1,0,0,-0.552352,-0.833611,0,0,-1,-0.000520364,0.554192,0.832389,0,-0,1,-1,0,0,1,-0,0,0,1,0,0,0.556212,-0.831041,0,0.555496,-0.831519,-1,0,-0,-1,-0,0,-0.000101975,0.555854,-0.83128,0,0.556041,0.831155,0,-0.556041,-0.831155,0,1,-0,0,0.552352,0.833611,7.33827e-09,1,-4.39492e-08,-1.78863e-15,-1,5.98311e-08]
}