{
    "metadata":{
        "type":"Geometry",
        "generator":"io_three",
        "version":3,
        "vertices":82,
        "normals":27,
        "materials":1,
        "uvs":1,
        "faces":67
    },
    "vertices":[-3.98372,0.00304095,4.16489,-3.98372,4.28338,3.98846,-3.98372,0.00304058,-4.08117,-3.98372,4.28338,-4.08117,3.99159,0.00304081,4.16489,3.99159,4.28338,4.16489,3.99159,0.00304043,-4.08117,3.99159,4.28338,-3.98126,4.19917,4.30712,-4.18846,4.19917,4.30712,-3.80991,3.79732,4.30712,-4.18846,3.79732,4.30712,-3.80991,4.19917,3.90294,-4.18846,4.19917,3.90294,-3.80991,3.79732,3.90294,-3.80991,3.79732,3.90294,-4.18846,4.19917,0.179944,-3.80991,3.79732,0.179944,-3.80991,3.79732,0.179944,-4.18846,4.19917,0.179944,-4.18846,4.19917,-0.195314,-3.80991,3.79732,-0.195314,-3.80991,3.79732,-0.195314,-4.18846,4.19917,-0.195314,-4.18846,-4.0191,4.30712,-3.80991,-4.0191,4.30712,-4.18846,-4.0191,3.90294,-3.80991,-4.0191,3.90294,-4.18846,4.19917,4.30712,-3.99919,3.79732,4.30712,-3.99919,3.79732,3.90294,-3.99919,4.19917,3.90294,-3.99919,4.19917,0.179944,-3.99919,3.79732,0.179944,-3.99919,4.19917,-0.195314,-3.99919,-4.0191,4.30712,-3.99919,-4.0191,3.90294,-3.99919,4.19917,5.7037,-4.99855,4.19917,5.7037,-4.80928,3.79732,5.7037,-4.80928,3.79732,5.7037,-4.99855,3.79732,5.7037,-5.18783,4.19917,5.7037,-5.18783,3.79732,5.69052,-4.99855,-4.0191,5.69052,-4.99855,-4.19243,4.30712,4.18874,-4.19243,4.30712,3.81019,-3.79057,4.30712,4.18874,-3.79057,4.30712,3.81019,-4.19243,3.90294,4.18874,-4.19243,3.90294,3.81019,-3.79057,3.90294,3.81019,-3.79057,3.90294,4.18874,-4.19243,0.179944,3.81019,-3.79057,0.179944,3.81019,-3.79057,0.179944,4.18874,-4.19243,0.179944,4.18874,-4.19243,-0.195314,3.81019,-3.79057,-0.195314,3.81019,-3.79057,-0.195314,4.18874,-4.19243,-0.195314,4.18874,4.02585,4.30712,3.81019,4.02585,4.30712,4.18874,4.02585,3.90294,3.81019,4.02585,3.90294,4.18874,-4.19243,4.30712,3.99946,-3.79057,4.30712,3.99946,-3.79057,3.90294,3.99946,-4.19243,3.90294,3.99946,-4.19243,0.179944,3.99946,-3.79057,0.179944,3.99946,-4.19243,-0.195314,3.99946,4.02585,4.30712,3.99946,4.02585,3.90294,3.99946,-4.19243,5.7037,4.99883,-4.19243,5.7037,4.80955,-3.79057,5.7037,4.80955,-3.79057,5.7037,4.99883,-3.79057,5.7037,5.1881,-4.19243,5.7037,5.1881,-3.79057,5.69052,4.99883,4.02585,5.69052,4.99883],
    "faces":[43,2,0,4,6,0,0,0,0,0,0,0,0,0,43,7,5,1,3,0,0,0,0,0,1,1,1,1,43,1,0,2,3,0,0,0,0,0,2,2,2,2,43,5,7,6,4,0,0,0,0,0,3,3,3,3,43,31,28,9,13,0,0,0,0,0,4,4,4,4,43,13,9,11,14,0,0,0,0,0,5,5,5,5,43,15,10,8,12,0,0,0,0,0,6,6,6,6,43,29,11,39,40,0,0,0,0,0,7,7,7,7,43,18,15,12,19,0,0,0,0,0,6,6,6,6,43,33,30,15,18,0,0,0,0,0,3,3,3,3,43,16,13,14,17,0,0,0,0,0,5,5,5,5,43,32,31,13,16,0,0,0,0,0,4,4,4,4,43,34,32,16,20,0,0,0,0,0,4,4,4,4,43,20,16,17,21,0,0,0,0,0,5,5,5,5,43,22,18,19,23,0,0,0,0,0,6,6,6,6,43,14,11,24,26,0,0,0,0,0,8,8,8,8,43,36,35,25,27,0,0,0,0,0,3,3,3,3,43,29,10,25,35,0,0,0,0,0,9,9,9,9,43,10,15,27,25,0,0,0,0,0,10,10,10,10,43,30,14,26,36,0,0,0,0,0,1,1,1,1,43,15,30,36,27,0,0,0,0,0,1,1,1,1,43,11,29,35,24,0,0,0,0,0,9,9,9,9,43,26,24,35,36,0,0,0,0,0,3,3,3,3,43,23,19,32,34,0,0,0,0,0,4,4,4,4,43,19,12,31,32,0,0,0,0,0,4,4,4,4,43,17,14,30,33,0,0,0,0,0,3,3,3,3,43,10,29,40,41,0,0,0,0,0,11,11,11,11,43,12,8,28,31,0,0,0,0,0,4,4,4,4,43,40,37,42,41,0,0,0,0,0,12,12,12,12,43,39,38,37,40,0,0,0,0,0,12,12,12,12,43,9,28,37,38,0,0,0,0,0,4,4,4,4,43,28,8,42,37,0,0,0,0,0,4,4,4,4,43,8,10,41,42,0,0,0,0,0,13,13,13,13,43,11,9,38,39,0,0,0,0,0,14,14,14,14,43,35,44,43,29,0,0,0,0,0,15,15,15,15,43,68,65,46,50,0,0,0,0,0,3,3,3,3,43,50,46,48,51,0,0,0,0,0,6,6,6,6,43,52,47,45,49,0,0,0,0,0,5,5,5,5,43,66,48,76,77,0,0,0,0,0,4,4,4,4,43,55,52,49,56,0,0,0,0,0,16,16,16,16,43,70,67,52,55,0,0,0,0,0,4,4,4,4,43,53,50,51,54,0,0,0,0,0,17,17,17,17,43,69,68,50,53,0,0,0,0,0,3,3,3,3,43,71,69,53,57,0,0,0,0,0,3,3,3,3,43,57,53,54,58,0,0,0,0,0,6,6,6,6,43,59,55,56,60,0,0,0,0,0,5,5,5,5,43,51,48,61,63,0,0,0,0,0,6,6,6,6,43,73,72,62,64,0,0,0,0,0,4,4,4,4,43,66,47,62,72,0,0,0,0,0,18,18,18,18,43,47,52,64,62,0,0,0,0,0,19,19,19,19,43,67,51,63,73,0,0,0,0,0,20,20,20,20,43,52,67,73,64,0,0,0,0,0,21,21,21,21,43,48,66,72,61,0,0,0,0,0,22,22,22,22,43,63,61,72,73,0,0,0,0,0,4,4,4,4,43,60,56,69,71,0,0,0,0,0,23,23,23,23,43,56,49,68,69,0,0,0,0,0,3,3,3,3,43,54,51,67,70,0,0,0,0,0,4,4,4,4,43,47,66,77,78,0,0,0,0,0,4,4,4,4,43,49,45,65,68,0,0,0,0,0,3,3,3,3,43,77,74,79,78,0,0,0,0,0,22,22,22,22,43,76,75,74,77,0,0,0,0,0,22,22,22,22,43,46,65,74,75,0,0,0,0,0,3,3,3,3,43,65,45,79,74,0,0,0,0,0,3,3,3,3,43,45,47,78,79,0,0,0,0,0,24,24,24,24,43,48,46,75,76,0,0,0,0,0,25,25,25,25,43,72,81,80,66,0,0,0,0,0,26,26,26,26,43,58,54,55,59,0,0,0,0,0,4,4,4,4],
    "uvs":[[0,0]],
    "normals":[1.86841e-08,1,-4.51766e-08,0,-1,0,1,6.02325e-10,2.92257e-08,-1,0,0,1,0,0,-0,0,1,-0,0,-1,-1,7.30661e-07,1.25964e-06,1.22009e-07,0,1,-0,1,0,-1.22009e-07,0,-1,-1,-3.41432e-07,0,0,1,-0,0,-0.581935,-0.813235,0,0.581935,0.813235,-7.14918e-08,-0.585584,-0.810612,0,1.28079e-07,1,0,-6.40395e-08,-1,0,1,0,0,0,1,-0,-1,0,-0,-1,0,0,1,0,-1,0,0,0,-0.581935,0.813236,0,0.581935,-0.813236,3.57459e-08,-0.585583,0.810612],
    "materials":[{
        "colorEmissive":[0,0,0],
        "shading":"phong",
        "opacity":1,
        "transparent":false,
        "visible":true,
        "wireframe":false,
        "blending":1,
        "depthTest":true,
        "depthWrite":true,
        "doubleSided":false,
        "DbgName":"Material.004",
        "DbgColor":15658734,
        "DbgIndex":0,
        "colorDiffuse":[0.64,0.64,0.64],
        "specularCoef":50,
        "colorSpecular":[0.5,0.5,0.5]
    }]
}