{
    "metadata":{
        "type":"Geometry",
        "generator":"io_three",
        "version":3,
        "vertices":49,
        "normals":31,
        "materials":2,
        "uvs":0,
        "faces":68
    },
    "vertices":[-4.19243,0.010632,4.18874,-4.19243,8.60033,4.18874,-4.19243,0.0106319,3.81019,-4.19243,8.60033,3.81019,-3.79057,0.010632,4.18874,-3.79057,8.60033,4.18874,-3.79057,0.0106319,3.81019,-3.79057,8.60033,3.81019,-3.79057,8.19615,3.81019,-3.79057,8.19615,4.18874,-3.79057,4.47316,3.81019,-3.79057,4.47316,4.18874,-3.79057,4.0979,3.81019,-3.79057,4.0979,4.18874,-3.79057,3.20032,3.81019,-3.79057,3.20032,4.18874,-3.79057,2.79106,3.81019,-3.79057,2.79106,4.18874,4.02585,8.60033,3.81019,4.02585,8.60033,4.18874,4.02585,8.19615,3.81019,4.02585,8.19615,4.18874,4.02585,4.47316,3.81019,4.02585,4.47316,4.18874,4.02585,4.0979,3.81019,4.02585,4.0979,4.18874,4.02585,3.20032,3.81019,4.02585,3.20032,4.18874,4.02585,2.79106,3.81019,4.02585,2.79106,4.18874,-4.19243,0.010632,3.99946,-3.79057,0.010632,3.99946,-3.79057,8.60033,3.99946,-3.79057,8.19615,3.99946,-3.79057,4.47316,3.99946,-3.79057,4.0979,3.99946,-3.79057,3.20032,3.99946,4.02585,8.60033,3.99946,4.02585,8.19615,3.99946,4.02585,4.47316,3.99946,4.02585,4.0979,3.99946,4.02585,3.20032,3.99946,-4.19243,9.99691,4.80955,-3.79057,9.99691,4.80955,-3.79057,9.99691,4.99883,-3.79057,9.99691,5.1881,-4.19243,9.99691,5.1881,-3.79057,9.98373,4.99883,4.02585,9.98373,4.99883],
    "faces":[34,3,2,30,1,0,0,0,34,30,0,1,1,1,1,1,34,1,46,42,1,2,2,2,34,3,30,1,1,0,0,0,34,3,1,42,1,0,0,0,35,36,15,27,41,1,3,3,3,3,35,4,0,30,31,1,4,4,4,4,35,32,7,43,44,1,5,5,5,5,35,34,33,9,11,1,6,6,6,6,35,16,14,26,28,1,7,7,7,7,35,36,35,13,15,1,5,5,5,5,34,15,13,11,1,8,8,8,34,9,5,1,1,9,9,9,34,17,15,11,1,8,8,8,34,11,9,1,1,10,10,10,34,1,0,4,1,11,11,11,34,17,11,1,1,12,12,12,34,1,4,17,1,12,12,12,34,2,3,7,1,13,13,13,34,7,18,20,1,14,14,14,34,7,20,8,1,15,15,15,34,16,6,2,1,16,16,16,34,12,14,16,1,8,8,8,34,22,24,12,1,17,17,17,34,7,8,10,1,18,18,18,34,10,22,12,1,19,19,19,34,12,16,2,1,16,16,16,34,2,7,10,1,20,20,20,34,10,12,2,1,21,21,21,35,17,16,28,29,1,22,22,22,22,34,31,6,16,1,23,23,23,34,16,17,4,1,18,18,18,34,16,4,31,1,18,18,18,34,38,20,18,1,23,23,23,34,37,19,21,1,18,18,18,34,38,18,37,1,6,6,6,34,37,21,38,1,18,18,18,35,32,5,19,37,1,3,3,3,3,35,5,9,21,19,1,24,24,24,24,35,15,17,29,27,1,25,25,25,25,35,34,11,23,39,1,3,3,3,3,35,35,12,24,40,1,22,22,22,22,35,11,13,25,23,1,25,25,25,25,35,33,8,20,38,1,22,22,22,22,35,9,33,38,21,1,22,22,22,22,35,13,35,40,25,1,22,22,22,22,35,10,34,39,22,1,3,3,3,3,35,7,32,37,18,1,3,3,3,3,35,14,12,35,36,1,5,5,5,5,35,10,8,33,34,1,6,6,6,6,35,5,32,44,45,1,5,5,5,5,35,2,6,31,30,1,26,26,26,26,35,14,36,41,26,1,3,3,3,3,35,34,39,38,33,1,24,24,24,24,35,36,41,40,35,1,24,24,24,24,34,40,24,22,1,23,23,23,34,39,23,25,1,18,18,18,34,40,22,39,1,6,6,6,34,39,25,40,1,18,18,18,34,44,43,42,1,3,3,3,34,42,46,45,1,3,3,3,34,42,45,44,1,27,27,27,35,1,5,45,46,1,28,28,28,28,35,7,3,42,43,1,29,29,29,29,35,37,48,47,32,1,30,30,30,30,34,29,28,26,1,23,23,23,34,41,27,29,1,18,18,18,34,26,41,29,1,6,6,6],
    "uvs":[],
    "normals":[-1,0,-0,-1,-0,-0,-1,-0,0,0,1,0,0,-1,0,1,0,0,1,0,0,-0,0,-1,0,0,0,-0,0,1,1.28819e-07,1.28079e-07,1,0,5.55127e-08,1,-1.18658e-06,0,1,-0,-5.55127e-08,-1,-0,-5.89883e-07,-1,0,-5.89883e-07,-1,0,0,-1,0,-6.35347e-07,-1,1,-0,0,-0,-6.35347e-07,-1,4.8208e-08,-5.7768e-08,-1,6.46207e-06,-6.35347e-07,-1,-0,-1,0,1,0,-0,0,0,1,0,0,1,0,-1,3.14911e-07,0,1,-0,0,-0.581935,0.813235,0,0.581935,-0.813235,0,-0.585583,0.810612],
    "materials":[{
        "colorEmissive":[0,0,0],
        "shading":"phong",
        "opacity":1,
        "transparent":false,
        "visible":true,
        "wireframe":false,
        "blending":1,
        "depthTest":true,
        "depthWrite":true,
        "doubleSided":false,
        "DbgName":"Material.003",
        "DbgColor":15658734,
        "DbgIndex":0,
        "colorDiffuse":[0.0585797,0.0379543,0.64],
        "specularCoef":50,
        "colorSpecular":[0.5,0.5,0.5]
    },{
        "colorEmissive":[0,0,0],
        "shading":"phong",
        "opacity":1,
        "transparent":false,
        "visible":true,
        "wireframe":false,
        "blending":1,
        "depthTest":true,
        "depthWrite":true,
        "doubleSided":false,
        "DbgName":"Material.004",
        "DbgColor":15597568,
        "DbgIndex":1,
        "colorDiffuse":[0.64,0.64,0.64],
        "specularCoef":50,
        "colorSpecular":[0.5,0.5,0.5]
    }]
}