{
    "metadata":{
        "type":"Geometry",
        "generator":"io_three",
        "version":3,
        "vertices":46,
        "normals":31,
        "materials":2,
        "uvs":1,
        "faces":56
    },
    "vertices":[-4.14613,0.012624,3.98846,-4.14613,0.0126237,-3.98126,4.1117,0.0126239,3.98846,4.1117,0.0126235,-3.98126,3.7998,-0.203016,4.20157,3.7998,0.197998,4.20157,4.19992,-0.203016,4.20157,4.19992,0.197998,4.20157,4.1415,-0.203016,3.80306,4.19992,0.197998,3.80306,3.7998,0.197998,3.80306,4.19992,-0.203016,3.80306,4.19992,1.49675,3.80306,4.19992,1.49675,4.20157,3.7998,1.49675,4.20157,3.7998,1.49675,3.80306,3.99986,-0.203016,4.20157,3.99986,0.197998,4.20157,3.99986,0.197998,3.80306,3.99986,-0.203016,3.79704,3.99986,1.49675,4.20157,3.99986,1.49675,3.80306,-4.20047,-0.203016,4.20333,-4.20047,0.197998,4.20333,-3.80035,-0.203016,4.20333,-3.80035,0.197998,4.20333,-4.20047,-0.203016,3.80482,-3.80035,0.197998,3.80482,-4.20047,0.197998,3.80482,-4.15888,-0.203016,3.80482,-3.80035,1.49675,3.80482,-3.80035,1.49675,4.20333,-4.20047,1.49675,4.20333,-4.20047,1.49675,3.80482,-4.00041,-0.203016,4.20333,-4.00041,0.197998,4.20333,-4.00041,0.197998,3.80482,-4.00041,-0.203016,3.80949,-4.00041,1.49675,4.20333,-4.00041,1.49675,3.80482,3.7998,0.197998,4.00232,3.7998,1.49675,4.00232,-3.80035,0.197998,4.00407,-3.80035,1.49675,4.00407,4.1415,-0.203016,-3.95984,-4.15888,-0.203016,-3.95809],
    "faces":[43,1,0,2,3,0,0,0,0,0,0,0,0,0,43,11,9,7,6,0,0,0,0,0,1,1,1,1,43,16,17,5,4,0,0,0,0,0,2,2,2,2,43,19,11,6,16,0,0,0,0,0,3,3,3,3,42,8,4,5,0,0,0,0,4,4,4,42,40,10,8,0,0,0,0,5,5,5,42,5,40,8,0,0,0,0,6,6,6,42,20,21,15,0,0,0,0,7,7,7,42,41,14,20,0,0,0,0,7,7,7,42,15,41,20,0,0,0,0,7,7,7,43,18,10,15,21,0,0,0,0,0,8,8,8,8,43,7,9,12,13,0,0,0,0,0,1,1,1,1,43,40,5,14,41,0,0,0,0,0,9,9,9,9,43,17,7,13,20,0,0,0,0,0,10,10,10,10,43,5,17,20,14,0,0,0,0,0,10,10,10,10,43,9,18,21,12,0,0,0,0,0,8,8,8,8,43,12,21,20,13,0,0,0,0,0,7,7,7,7,42,8,10,18,0,0,0,0,11,11,11,42,18,9,11,0,0,0,0,12,12,12,42,11,19,8,0,0,0,0,13,13,13,42,18,11,8,0,0,0,0,12,12,12,43,8,19,16,4,0,0,0,0,0,14,14,14,14,43,6,7,17,16,0,0,0,0,0,2,2,2,2,42,24,29,27,0,0,0,0,15,15,15,42,42,25,24,0,0,0,0,16,16,16,42,27,42,24,0,0,0,0,1,1,1,43,34,35,23,22,0,0,0,0,0,2,2,2,2,43,37,29,24,34,0,0,0,0,0,17,17,17,17,43,22,23,28,26,0,0,0,0,0,18,18,18,18,43,39,33,32,38,0,0,0,0,0,7,7,7,7,43,36,28,33,39,0,0,0,0,0,8,8,8,8,43,42,27,30,43,0,0,0,0,0,1,1,1,1,43,28,23,32,33,0,0,0,0,0,9,9,9,9,43,35,25,31,38,0,0,0,0,0,10,10,10,10,43,23,35,38,32,0,0,0,0,0,10,10,10,10,43,27,36,39,30,0,0,0,0,0,8,8,8,8,42,43,30,39,0,0,0,0,7,7,7,42,39,38,31,0,0,0,0,7,7,7,42,39,31,43,0,0,0,0,19,19,19,43,26,37,34,22,0,0,0,0,0,20,20,20,20,43,24,25,35,34,0,0,0,0,0,2,2,2,2,42,26,28,36,0,0,0,0,11,11,11,42,36,27,29,0,0,0,0,12,12,12,42,29,37,26,0,0,0,0,21,21,21,42,36,29,26,0,0,0,0,12,12,12,43,41,40,42,43,1,0,0,0,0,22,22,22,22,43,10,8,29,27,0,0,0,0,0,23,23,23,23,43,8,4,24,29,0,0,0,0,0,24,24,24,24,43,4,5,25,24,0,0,0,0,0,25,25,25,25,43,25,42,43,31,0,0,0,0,0,1,1,1,1,43,10,40,41,15,0,0,0,0,0,9,9,9,9,42,25,5,40,0,0,0,0,26,26,26,42,40,10,27,0,0,0,0,27,27,27,42,27,42,25,0,0,0,0,28,28,28,42,40,27,25,0,0,0,0,29,29,29,43,8,29,45,44,0,0,0,0,0,30,30,30,30],
    "uvs":[[0,0]],
    "normals":[1.80449e-08,1,-4.30036e-08,1,0,0,-0,0,1,-1.11802e-09,-1,7.42242e-08,-0.759133,-0,-0.650936,-0.761147,-0.648579,0,-0.761147,-0.648579,4.85043e-08,0,1,0,0,-0,-1,-1,-0,0,0,0,1,-0,-0,-1,0,0,-1,-0,1,0,8.00963e-09,-1,7.76325e-08,0.619126,-0.553539,-0.557025,1,-0,0,8.04084e-09,-1,7.15879e-08,-1,0,0,0,1,-0,-8.78295e-10,-1,7.52264e-08,0,-1,-0,-0.000231262,0,-1,-0.000221047,4.63738e-06,-1,-1.87264e-08,-1,7.51808e-08,0.000231262,0,1,1.95891e-08,1,-7.47855e-08,1.96064e-08,1,-0,-1,0,-0,2.05781e-08,1,-3.73927e-08,-1.79434e-08,-1,4.22297e-08],
    "materials":[{
        "colorEmissive":[0,0,0],
        "shading":"phong",
        "opacity":1,
        "transparent":false,
        "visible":true,
        "wireframe":false,
        "blending":1,
        "depthTest":true,
        "depthWrite":true,
        "doubleSided":false,
        "DbgName":"Material.001",
        "DbgColor":15658734,
        "DbgIndex":0,
        "colorDiffuse":[0.64,0.64,0.64],
        "specularCoef":50,
        "colorSpecular":[0.5,0.5,0.5]
    },{
        "colorEmissive":[0,0,0],
        "shading":"phong",
        "opacity":1,
        "transparent":false,
        "visible":true,
        "wireframe":false,
        "blending":1,
        "depthTest":true,
        "depthWrite":true,
        "doubleSided":false,
        "DbgName":"Material.002",
        "DbgColor":15597568,
        "DbgIndex":1,
        "colorDiffuse":[0.258797,0.292594,0.64],
        "specularCoef":50,
        "colorSpecular":[0.5,0.5,0.5]
    }]
}