{
    "metadata":{
        "type":"Geometry",
        "generator":"io_three",
        "version":3,
        "vertices":44,
        "normals":20,
        "uvs":0,
        "faces":46
    },
    "vertices":[-4.19243,0.010632,4.18874,-4.19243,0.0106319,3.81019,-3.79057,0.010632,4.18874,-3.79057,0.0106319,3.81019,-4.19243,4.29515,3.81019,-3.79057,4.29351,3.81019,-3.79057,4.29351,4.18874,-4.19243,4.29515,4.18874,-4.19243,4.0979,3.81019,-3.79057,4.0979,3.81019,-3.79057,4.0979,4.18874,-4.19243,4.0979,4.18874,-4.19243,3.20032,3.81019,-3.79057,3.20032,3.81019,-3.79057,3.20032,4.18874,-4.19243,3.20032,4.18874,-4.19243,2.79106,3.81019,-3.79057,2.79106,3.81019,-3.79057,2.79106,4.18874,-4.19243,2.79106,4.18874,4.02585,4.29351,3.81019,4.02585,4.29351,4.18874,4.02585,4.0979,3.81019,4.02585,4.0979,4.18874,4.02585,3.20032,3.81019,4.02585,3.20032,4.18874,4.02585,2.79106,3.81019,4.02585,2.79106,4.18874,-4.19243,0.010632,3.99946,-3.79057,0.010632,3.99946,-4.19243,4.29515,3.99946,-3.79057,4.29351,3.99946,-3.79057,4.0979,3.99946,-4.19243,4.0979,3.99946,-4.19243,3.20032,3.99946,-3.79057,3.20032,3.99946,-3.79057,2.79106,3.99946,-4.19243,2.79106,3.99946,4.02585,4.29351,3.99946,4.02585,4.0979,3.99946,4.02585,3.20032,3.99946,4.02585,2.79106,3.99946,-3.79057,0.0329427,3.99946,4.02585,0.0329427,3.99946],
    "faces":[33,35,14,25,40,0,0,0,0,33,2,0,28,29,1,1,1,1,33,33,30,4,8,2,2,2,2,33,8,4,5,9,3,3,3,3,33,17,13,24,26,4,4,4,4,33,10,6,7,11,5,5,5,5,33,14,10,11,15,5,5,5,5,33,35,32,10,14,6,6,6,6,33,12,8,9,13,3,3,3,3,33,34,33,8,12,7,7,7,7,33,37,34,12,16,2,2,2,2,33,16,12,13,17,4,4,4,4,33,18,14,15,19,8,8,8,8,33,19,0,2,18,9,9,9,9,33,29,36,18,2,10,10,10,10,33,1,16,17,3,3,3,3,3,33,28,37,16,1,2,2,2,2,33,41,40,25,27,10,10,10,10,33,36,17,26,41,11,11,11,11,33,14,18,27,25,12,12,12,12,33,9,5,20,22,3,3,3,3,33,31,6,21,38,0,0,0,0,33,32,9,22,39,11,11,11,11,33,6,10,23,21,9,9,9,9,33,10,32,39,23,11,11,11,11,33,5,31,38,20,0,0,0,0,33,18,36,41,27,11,11,11,11,33,26,24,40,41,10,10,10,10,33,0,19,37,28,2,2,2,2,33,3,17,36,29,10,10,10,10,33,19,15,34,37,2,2,2,2,33,15,11,33,34,7,7,7,7,33,13,9,32,35,6,6,6,6,33,11,7,30,33,2,2,2,2,33,1,3,29,28,13,13,13,13,33,13,35,40,24,0,0,0,0,33,35,40,39,32,9,9,9,9,32,39,22,20,14,14,14,32,38,21,23,15,15,15,32,39,20,38,10,10,10,32,38,23,39,15,15,15,33,41,36,42,43,16,16,16,16,32,4,30,7,17,17,17,32,7,6,31,18,18,18,32,31,5,4,18,18,18,32,7,31,4,19,19,19],
    "uvs":[],
    "normals":[0,1,0,0,-1,0,-1,0,0,-0,0,-1,-0,0,-1,-0,0,1,1,0,0,-1,0,0,-0,0,1,0,0,1,1,0,0,-0,-1,0,0,0,1,0,-1,3.14911e-07,1,0,-0,1,-0,0,0,-0,1,0,0,0,0.00406164,0.999992,-0,0.00406164,0.999992,0]
}