{
    "metadata":{
        "type":"Geometry",
        "generator":"io_three",
        "version":3,
        "vertices":70,
        "normals":24,
        "uvs":0,
        "faces":70
    },
    "vertices":[-4.19243,0.010632,4.18874,-4.19243,8.60033,4.18874,-4.19243,0.0106319,3.81019,-4.19243,8.60033,3.81019,-3.79057,0.010632,4.18874,-3.79057,8.60033,4.18874,-3.79057,0.0106319,3.81019,-3.79057,8.60033,3.81019,-4.19243,8.19615,4.18874,-4.19243,8.19615,3.81019,-3.79057,8.19615,3.81019,-3.79057,8.19615,4.18874,-4.19243,4.47316,3.81019,-3.79057,4.47316,3.81019,-3.79057,4.47316,4.18874,-4.19243,4.47316,4.18874,-4.19243,4.0979,3.81019,-3.79057,4.0979,3.81019,-3.79057,4.0979,4.18874,-4.19243,4.0979,4.18874,-4.19243,3.20032,3.81019,-3.79057,3.20032,3.81019,-3.79057,3.20032,4.18874,-4.19243,3.20032,4.18874,-4.19243,2.79106,3.81019,-3.79057,2.79106,3.81019,-3.79057,2.79106,4.18874,-4.19243,2.79106,4.18874,4.02585,8.60033,3.81019,4.02585,8.60033,4.18874,4.02585,8.19615,3.81019,4.02585,8.19615,4.18874,4.02585,4.47316,3.81019,4.02585,4.47316,4.18874,4.02585,4.0979,3.81019,4.02585,4.0979,4.18874,4.02585,3.20032,3.81019,4.02585,3.20032,4.18874,4.02585,2.79106,3.81019,4.02585,2.79106,4.18874,-4.19243,0.010632,3.99946,-4.19243,8.60033,3.99946,-3.79057,0.010632,3.99946,-3.79057,8.60033,3.99946,-3.79057,8.19615,3.99946,-4.19243,8.19615,3.99946,-4.19243,4.47316,3.99946,-3.79057,4.47316,3.99946,-3.79057,4.0979,3.99946,-4.19243,4.0979,3.99946,-4.19243,3.20032,3.99946,-3.79057,3.20032,3.99946,-3.79057,2.79106,3.99946,-4.19243,2.79106,3.99946,4.02585,8.60033,3.99946,4.02585,8.19615,3.99946,4.02585,4.47316,3.99946,4.02585,4.0979,3.99946,4.02585,3.20032,3.99946,4.02585,2.79106,3.99946,-4.19243,9.99691,4.99883,-4.19243,9.99691,4.80955,-3.79057,9.99691,4.80955,-3.79057,9.99691,4.99883,-3.79057,9.99691,5.1881,-4.19243,9.99691,5.1881,-3.79057,9.98373,4.99883,4.02585,9.98373,4.99883,-3.79057,0.0329427,3.99946,4.02585,0.0329427,3.99946],
    "faces":[33,45,41,3,9,0,0,0,0,33,9,3,7,10,1,1,1,1,33,51,22,37,58,2,2,2,2,33,11,5,1,8,3,3,3,3,33,4,0,40,42,4,4,4,4,33,43,7,62,63,5,5,5,5,33,14,11,8,15,6,6,6,6,33,47,44,11,14,7,7,7,7,33,12,9,10,13,8,8,8,8,33,46,45,9,12,0,0,0,0,33,49,46,12,16,0,0,0,0,33,16,12,13,17,9,9,9,9,33,25,21,36,38,10,10,10,10,33,18,14,15,19,11,11,11,11,33,22,18,19,23,3,3,3,3,33,51,48,18,22,5,5,5,5,33,20,16,17,21,8,8,8,8,33,50,49,16,20,12,12,12,12,33,53,50,20,24,0,0,0,0,33,24,20,21,25,10,10,10,10,33,10,7,28,30,13,13,13,13,33,26,22,23,27,11,11,11,11,33,27,0,4,26,14,14,14,14,33,42,52,26,4,7,7,7,7,33,2,24,25,6,8,8,8,8,33,40,53,24,2,0,0,0,0,33,55,54,29,31,7,7,7,7,33,59,58,37,39,7,7,7,7,33,43,5,29,54,2,2,2,2,33,52,25,38,59,15,15,15,15,33,5,11,31,29,14,14,14,14,33,22,26,39,37,16,16,16,16,33,17,13,32,34,9,9,9,9,33,47,14,33,56,2,2,2,2,33,48,17,34,57,15,15,15,15,33,14,18,35,33,16,16,16,16,33,44,10,30,55,15,15,15,15,33,11,44,55,31,15,15,15,15,33,18,48,57,35,15,15,15,15,33,13,47,56,32,2,2,2,2,33,26,52,59,39,15,15,15,15,33,7,43,54,28,2,2,2,2,33,38,36,58,59,7,7,7,7,33,30,28,54,55,7,7,7,7,33,0,27,53,40,0,0,0,0,33,6,25,52,42,7,7,7,7,33,27,23,50,53,0,0,0,0,33,23,19,49,50,12,12,12,12,33,21,17,48,51,5,5,5,5,33,19,15,46,49,0,0,0,0,33,15,8,45,46,0,0,0,0,33,13,10,44,47,7,7,7,7,33,5,43,63,64,5,5,5,5,33,2,6,42,40,17,17,17,17,33,21,51,58,36,2,2,2,2,33,8,1,41,45,0,0,0,0,33,47,56,55,44,14,14,14,14,33,51,58,57,48,14,14,14,14,32,57,34,32,18,18,18,32,56,33,35,19,19,19,32,57,32,56,7,7,7,32,56,35,57,19,19,19,33,63,60,65,64,2,2,2,2,33,62,61,60,63,2,2,2,2,33,3,41,60,61,12,12,12,12,33,41,1,65,60,12,12,12,12,33,1,5,64,65,20,20,20,20,33,7,3,61,62,21,21,21,21,33,54,67,66,43,22,22,22,22,33,59,52,68,69,23,23,23,23],
    "uvs":[],
    "normals":[-1,0,0,0,-5.89883e-07,-1,0,1,0,-0,0,1,0,-1,0,1,0,0,0,1.28079e-07,1,1,0,0,-0,0,-1,0,-6.35347e-07,-1,-0,0,-1,-0,0,1,-1,0,0,0,-5.89883e-07,-1,0,0,1,-0,-1,0,0,0,1,0,-1,3.14911e-07,1,0,-0,1,-0,0,0,-0.581935,0.813235,0,0.581935,-0.813235,0,-0.585583,0.810612,0,-0,1]
}