{
    "metadata":{
        "type":"Geometry",
        "generator":"io_three",
        "version":3,
        "vertices":64,
        "normals":41,
        "materials":2,
        "uvs":1,
        "faces":73
    },
    "vertices":[-3.98372,0.012624,3.98846,-3.98372,0.0126237,-4.1732,4.18442,0.0126239,3.98846,4.18442,0.0126235,-4.1732,4.16953,-0.203016,4.20157,3.7998,0.197998,4.20157,4.19992,-0.203016,4.20157,4.19992,0.197998,4.20157,3.7998,-0.203016,3.80306,4.19992,0.197998,3.80306,3.7998,0.197998,3.80306,4.19992,-0.203016,3.80306,4.19992,1.49675,3.80306,4.19992,1.49675,4.20157,3.7998,1.49675,4.20157,3.7998,1.49675,3.80306,3.99986,-0.203016,4.20157,3.99986,0.197998,4.20157,3.99986,0.197998,3.80306,3.99986,-0.203016,3.79704,3.99986,1.49675,4.20157,3.99986,1.49675,3.80306,-4.20047,-0.203016,4.20333,-4.20047,0.197998,4.20333,-4.20047,-0.203016,-4.2128,-4.20047,0.197998,-4.2128,-3.80035,-0.203016,4.20333,-3.80035,0.197998,4.20333,-3.80035,-0.203016,-4.2128,-3.80035,0.197998,-4.2128,-4.20047,-0.203016,-3.81572,-4.20047,0.197998,-3.81572,-3.80035,-0.203016,-3.81572,-3.80035,0.197998,-3.81572,-4.20047,-0.203016,3.80482,-3.80035,0.197998,3.80482,-4.20047,0.197998,3.80482,-3.80035,-0.203016,3.80482,-4.20047,1.49675,-3.81572,-4.20047,1.49675,-4.2128,-3.80035,1.49675,-4.2128,-3.80035,1.49675,3.80482,-3.80035,1.49675,4.20333,-4.20047,1.49675,4.20333,-3.80035,1.49675,-3.81572,-4.20047,1.49675,3.80482,-4.00041,-0.203016,-4.2128,-4.00041,0.197998,-4.2128,-4.00041,-0.203016,4.20333,-4.00041,0.197998,4.20333,-4.00041,0.197998,-3.81572,-4.00041,-0.203016,-3.60137,-4.00041,0.197998,3.80482,-4.00041,-0.203016,3.60101,-4.00041,1.49675,-4.2128,-4.00041,1.49675,4.20333,-4.00041,1.49675,-3.81572,-4.00041,1.49675,3.80482,3.7998,0.197998,4.00232,3.7998,1.49675,4.00232,-3.80035,0.197998,4.00407,-3.80035,1.49675,4.00407,4.16953,-0.203016,-4.20725,-3.80035,-0.203016,-4.20549],
    "faces":[43,1,0,2,3,0,0,0,0,0,0,0,0,0,43,11,9,7,6,0,0,0,0,0,1,1,1,1,43,16,17,5,4,0,0,0,0,0,2,2,2,2,43,19,11,6,16,0,0,0,0,0,3,3,3,3,42,8,4,5,0,0,0,0,4,4,4,42,5,58,10,0,0,0,0,1,1,1,42,5,10,8,0,0,0,0,5,5,5,42,20,21,15,0,0,0,0,6,6,6,42,59,14,20,0,0,0,0,6,6,6,42,15,59,20,0,0,0,0,6,6,6,43,18,10,15,21,0,0,0,0,0,7,7,7,7,43,7,9,12,13,0,0,0,0,0,1,1,1,1,43,58,5,14,59,0,0,0,0,0,8,8,8,8,43,17,7,13,20,0,0,0,0,0,9,9,9,9,43,5,17,20,14,0,0,0,0,0,9,9,9,9,43,9,18,21,12,0,0,0,0,0,7,7,7,7,43,12,21,20,13,0,0,0,0,0,6,6,6,6,42,8,10,18,0,0,0,0,10,10,10,42,18,9,11,0,0,0,0,11,11,11,42,11,19,8,0,0,0,0,12,12,12,42,18,11,8,0,0,0,0,11,11,11,43,8,19,16,4,0,0,0,0,0,13,13,13,13,43,6,7,17,16,0,0,0,0,0,14,14,14,14,43,30,31,25,24,0,0,0,0,0,5,5,5,5,43,46,47,29,28,0,0,0,0,0,15,15,15,15,42,26,37,35,0,0,0,0,16,16,16,42,60,27,26,0,0,0,0,17,17,17,42,35,60,26,0,0,0,0,1,1,1,43,48,49,23,22,0,0,0,0,0,14,14,14,14,43,53,37,26,48,0,0,0,0,0,18,18,18,18,43,47,25,39,54,0,0,0,0,0,7,7,7,7,43,50,33,44,56,0,0,0,0,0,9,9,9,9,43,46,28,32,51,0,0,0,0,0,19,19,19,19,43,28,29,33,32,0,0,0,0,0,1,1,1,1,43,34,36,31,30,0,0,0,0,0,20,20,20,20,43,22,23,36,34,0,0,0,0,0,5,5,5,5,43,50,31,36,52,0,0,0,0,0,21,21,21,21,43,51,32,37,53,0,0,0,0,0,22,22,22,22,43,32,33,35,37,0,0,0,0,0,23,23,23,23,43,57,45,43,55,0,0,0,0,0,6,6,6,6,43,54,39,38,56,0,0,0,0,0,24,24,24,24,43,52,36,45,57,0,0,0,0,0,7,7,7,7,43,60,35,41,61,0,0,0,0,0,1,1,1,1,43,33,29,40,44,0,0,0,0,0,1,1,1,1,43,25,31,38,39,0,0,0,0,0,8,8,8,8,43,36,23,43,45,0,0,0,0,0,8,8,8,8,43,49,27,42,55,0,0,0,0,0,9,9,9,9,43,23,49,55,43,0,0,0,0,0,9,9,9,9,43,35,52,57,41,0,0,0,0,0,7,7,7,7,43,40,54,56,44,0,0,0,0,0,25,25,25,25,42,61,41,57,0,0,0,0,6,6,6,42,57,55,42,0,0,0,0,6,6,6,42,57,42,61,0,0,0,0,26,26,26,43,30,51,53,34,0,0,0,0,0,27,27,27,27,43,33,50,52,35,0,0,0,0,0,28,28,28,28,43,24,46,51,30,0,0,0,0,0,29,29,29,29,43,31,50,56,38,0,0,0,0,0,9,9,9,9,43,29,47,54,40,0,0,0,0,0,7,7,7,7,43,34,53,48,22,0,0,0,0,0,30,30,30,30,43,26,27,49,48,0,0,0,0,0,14,14,14,14,43,24,25,47,46,0,0,0,0,0,15,15,15,15,43,52,50,56,57,1,0,0,0,0,31,31,31,31,43,59,58,60,61,1,0,0,0,0,32,32,32,32,43,10,8,37,35,0,0,0,0,0,33,33,33,33,43,8,4,26,37,0,0,0,0,0,34,34,34,34,43,4,5,27,26,0,0,0,0,0,35,35,35,35,43,27,60,61,42,0,0,0,0,0,1,1,1,1,43,10,58,59,15,0,0,0,0,0,8,8,8,8,42,27,5,58,0,0,0,0,36,36,36,42,58,10,35,0,0,0,0,37,37,37,42,35,60,27,0,0,0,0,38,38,38,42,58,35,27,0,0,0,0,39,39,39,43,4,26,63,62,0,0,0,0,0,40,40,40,40],
    "uvs":[[0,0]],
    "normals":[1.8243e-08,1,-4.3818e-08,1,0,0,-0,-0,1,-1.11802e-09,-1,7.42242e-08,-0.607352,-0.559982,0.563509,-1,0,0,0,1,0,0,-0,-1,-1,-0,0,0,0,1,-0,-0,-1,0,0,-1,-0,1,0,1.34904e-08,-1,6.80129e-08,-0,0,1,-0,0,-1,1,0,-0,1,-0,0,-3.03358e-08,-1,5.95559e-08,3.16611e-08,-1,5.91007e-08,-1,0,0,0,1,-4.49741e-08,1.16535e-09,-1,4.42323e-08,1,0,3.12863e-08,0,1,-3.00209e-07,0,1,-3.00209e-07,0,1,-0,-1.16535e-09,-1,4.42323e-08,0,1,-4.49741e-08,-3.1661e-08,-1,5.91007e-08,3.03358e-08,-1,5.95559e-08,1,0,6.25726e-08,-0.000231262,0,-1,-0.00023123,0,-1,-1.91219e-08,-1,8.36563e-08,0.00022577,0.000104081,1,1.95891e-08,1,-7.47855e-08,1.96064e-08,1,-0,-1,0,-0,2.05781e-08,1,-3.73927e-08,-1.86867e-08,-1,4.60743e-08],
    "materials":[{
        "colorEmissive":[0,0,0],
        "shading":"phong",
        "opacity":1,
        "transparent":false,
        "visible":true,
        "wireframe":false,
        "blending":1,
        "depthTest":true,
        "depthWrite":true,
        "doubleSided":false,
        "DbgName":"Material.001",
        "DbgColor":15658734,
        "DbgIndex":0,
        "colorDiffuse":[0.64,0.64,0.64],
        "specularCoef":50,
        "colorSpecular":[0.5,0.5,0.5]
    },{
        "colorEmissive":[0,0,0],
        "shading":"phong",
        "opacity":1,
        "transparent":false,
        "visible":true,
        "wireframe":false,
        "blending":1,
        "depthTest":true,
        "depthWrite":true,
        "doubleSided":false,
        "DbgName":"Material.002",
        "DbgColor":15597568,
        "DbgIndex":1,
        "colorDiffuse":[0.258797,0.292594,0.64],
        "specularCoef":50,
        "colorSpecular":[0.5,0.5,0.5]
    }]
}