{
    "metadata":{
        "type":"Geometry",
        "generator":"io_three",
        "version":3,
        "vertices":108,
        "normals":67,
        "materials":2,
        "uvs":0,
        "faces":114
    },
    "vertices":[0.101662,0.0181772,4.0007,0.101662,4.40831,4.0007,4.11108,0.0181772,4.0007,4.11108,4.40831,4.0007,-4.19304,0.00691545,-3.97182,-4.19304,8.58588,-3.97182,-4.19304,0.00691545,-4.38632,-4.19304,8.58588,-4.38632,-3.79878,0.00691545,-3.97182,-3.79878,0.00691545,-4.38632,-4.19304,4.2964,-3.97182,-3.79878,4.2964,-3.97182,-4.19304,4.70073,-3.97182,-3.79878,4.70073,-3.97182,-4.19711,0.00495493,0.210306,-4.19711,8.58392,0.210306,-4.19711,0.00495493,-0.204201,-4.19711,8.58392,-0.204201,-3.80285,0.00495493,0.210306,-3.80285,0.00495493,-0.204201,-4.19711,4.3003,0.210306,-4.19711,4.3003,-0.204201,-3.80285,4.3003,-0.204201,-3.80285,4.3003,0.210306,-4.19711,4.7017,0.210306,-4.19711,4.7017,-0.204201,-3.80285,4.7017,-0.204201,-3.80285,4.7017,0.210306,-0.19013,0.00495505,4.20582,-0.19013,8.58392,4.20582,-0.19013,0.00495505,3.79131,0.204129,0.00495505,4.20582,0.204129,8.58392,4.20582,0.204129,0.00495505,3.79131,-0.19013,4.29444,4.20582,-0.19013,4.29444,3.79131,0.204129,4.29444,3.79131,0.204129,4.29444,4.20582,-0.19013,4.69552,4.20582,-0.19013,4.69552,3.79131,0.204129,4.69552,3.79131,0.204129,4.69552,4.20582,4.11403,4.29444,3.79131,4.11403,4.69552,4.20582,4.11403,4.29444,4.20582,-4.19711,8.19687,0.210306,-4.19711,8.19687,-0.204201,-3.80285,8.19687,-0.204201,-3.80285,8.19687,0.210306,-4.19304,8.20782,-3.97182,-4.19304,8.20782,-4.38632,-3.79878,8.20782,-4.38632,-3.79878,8.20782,-3.97182,-0.19013,8.20878,4.20582,-0.19013,8.20878,3.79131,0.204129,8.20878,3.79131,0.204129,8.20878,4.20582,4.11675,8.58392,4.20582,4.11675,8.20878,3.79131,4.11675,8.20878,4.20582,-3.80285,3.00231,0.210306,-0.19013,2.9909,3.79131,-4.00838,0.018177,-0.075737,-4.00838,4.40831,-0.0757372,-4.00838,0.0181769,-3.9761,-4.00838,4.40831,-3.9761,4.11403,4.29444,-4.13042,4.11675,8.20878,-4.13042,-4.10031,4.29444,-4.13042,-4.09759,8.20878,-4.13042,-0.19013,8.58392,3.79612,0.204129,8.58392,3.79612,3.79899,8.58392,4.20582,3.79899,8.20878,4.20582,4.11675,8.58392,3.79404,3.79899,8.58392,3.79404,0.204129,9.98583,5.19315,-0.19013,9.98583,5.19315,3.79899,9.98583,5.19315,4.11675,9.98583,5.19315,0.204129,9.98583,4.78345,-0.19013,9.98583,4.78345,3.79899,9.98583,4.78137,4.11675,9.98583,4.78137,-3.80522,8.58392,0.210306,-3.80522,8.58392,-0.204201,-3.79122,8.58588,-3.97182,-3.79122,8.58588,-4.38632,-5.19598,9.99661,-3.97182,-5.19598,9.99661,-4.38632,-5.20006,9.99465,0.210306,-5.20006,9.99465,-0.204201,-4.80816,9.99465,0.210306,-4.80816,9.99465,-0.204201,-4.79416,9.99661,-3.97182,-4.79416,9.99661,-4.38632,0.204129,8.58392,4.00097,0.204129,9.98583,4.9883,3.79899,8.58392,3.99993,3.79899,9.98583,4.98726,-3.99213,8.58588,-3.97182,-4.99507,9.99661,-3.97182,-4.00117,8.58392,-0.204201,-5.00411,9.99465,-0.204201,-4.00117,8.58392,0.210306,-5.00411,9.99465,0.210306,-0.19013,8.58392,4.00097,-0.19013,9.98583,4.9883],
    "faces":[35,1,0,2,3,0,0,0,0,0,35,49,5,7,50,0,1,1,1,1,35,8,11,10,4,0,2,2,2,2,35,6,50,51,9,0,3,3,3,3,34,8,9,51,0,4,4,4,34,51,52,13,0,5,5,5,34,11,8,51,0,4,4,4,34,51,13,11,0,6,6,6,35,45,15,17,46,0,1,1,1,1,34,10,12,49,0,1,1,1,34,49,50,6,0,7,7,7,34,6,4,10,0,8,8,8,34,49,6,10,0,9,9,9,34,33,30,61,0,10,10,10,34,61,35,36,0,11,11,11,34,61,36,33,0,12,12,12,34,18,19,22,0,13,13,13,34,22,23,60,0,5,5,5,34,22,60,18,0,6,6,6,35,31,37,34,28,0,2,2,2,2,34,25,46,47,0,14,14,14,34,47,26,22,0,15,15,15,34,22,21,25,0,10,10,10,34,25,47,22,0,12,12,12,34,35,39,54,0,16,16,16,34,54,55,40,0,10,10,10,34,40,36,35,0,17,17,17,34,54,40,35,0,18,18,18,34,13,52,49,0,19,19,19,34,12,10,11,0,20,20,20,34,13,49,12,0,21,21,21,34,13,12,11,0,20,20,20,35,56,32,29,53,0,2,2,2,2,34,30,28,34,0,8,8,8,34,34,35,61,0,1,1,1,34,34,61,30,0,1,1,1,35,33,36,37,31,0,5,5,5,5,35,16,21,22,19,0,22,22,22,22,35,37,41,38,34,0,2,2,2,2,35,34,38,39,35,0,1,1,1,1,35,20,34,38,24,0,23,23,23,23,35,12,10,21,25,0,24,24,24,24,35,41,37,44,43,0,25,25,25,25,35,34,20,23,35,0,26,26,26,26,35,22,21,10,11,0,27,27,27,27,34,23,27,48,0,15,15,15,34,48,45,24,0,0,0,0,34,24,20,23,0,20,20,20,34,48,24,23,0,20,20,20,34,20,24,45,0,15,15,15,34,45,46,25,0,1,1,1,34,25,21,16,0,1,1,1,34,16,14,20,0,28,28,28,34,20,45,25,0,7,7,7,34,20,25,16,0,1,1,1,35,41,56,53,38,0,29,29,29,29,35,40,55,56,41,0,5,5,5,5,35,38,53,54,39,0,7,7,7,7,35,54,53,45,48,0,30,30,30,30,35,15,45,53,29,0,31,31,31,31,35,52,47,46,49,0,32,32,32,32,35,46,17,5,49,0,33,33,33,33,35,37,36,42,44,0,34,34,34,34,35,72,73,59,57,0,0,0,0,0,35,35,23,60,61,0,35,35,35,35,35,64,62,63,65,0,36,36,36,36,35,39,54,48,27,1,35,35,35,35,35,52,13,26,47,1,37,37,37,37,34,73,56,55,0,38,38,38,34,55,58,59,0,39,39,39,34,55,59,73,0,40,40,40,35,58,67,66,42,0,41,41,41,41,35,67,69,68,66,0,42,42,42,42,35,106,29,77,107,0,1,1,1,1,35,32,56,73,72,0,0,0,0,0,35,36,42,58,55,1,43,43,43,43,35,57,74,83,79,0,16,16,16,16,35,96,71,80,97,0,16,16,16,16,35,29,32,76,77,0,44,44,44,44,35,98,72,78,99,0,1,1,1,1,35,72,57,79,78,0,45,45,45,45,35,7,5,88,89,0,46,46,46,46,35,100,86,94,101,0,0,0,0,0,35,102,17,91,103,0,47,47,47,47,35,17,15,90,91,0,48,48,48,48,35,87,7,89,95,0,10,10,10,10,35,104,84,92,105,0,49,49,49,49,35,32,96,97,76,0,16,16,16,16,35,75,98,99,82,0,1,1,1,1,35,99,97,96,98,0,50,50,50,50,35,5,100,101,88,0,0,0,0,0,35,85,102,103,93,0,51,51,51,51,35,102,103,101,100,0,52,52,52,52,35,15,104,105,90,0,53,53,53,53,35,70,106,107,81,0,1,1,1,1,35,104,106,107,105,0,54,54,54,54,34,68,23,35,0,55,55,55,34,36,42,66,0,56,56,56,34,68,35,36,0,57,57,57,34,36,66,68,0,56,56,56,34,67,58,55,0,58,58,58,34,55,54,48,0,59,59,59,34,47,69,52,0,60,60,60,34,55,48,47,0,61,61,61,34,51,67,55,0,62,62,62,34,55,47,52,0,63,63,63,34,55,52,51,0,64,64,64,34,14,18,60,0,0,0,0,34,60,23,20,0,65,65,65,34,60,20,14,0,66,66,66,34,22,26,47,0,15,15,15,34,47,48,27,0,6,6,6,34,27,23,22,0,16,16,16,34,47,27,22,0,6,6,6],
    "uvs":[],
    "normals":[0,0,1,-1,0,0,-0,0,1,0,-5.81445e-08,-1,1,0,-0,1,0,0,1,-0,0,-1,0,0,-1,-0,-0,-1,0,-0,0,0,-1,-0,-0,-1,-0,0,-1,1,0,-0,-0,-0,-1,0,0,0,1,0,0,0,-5.94436e-07,-1,-5.42764e-07,-6.0909e-08,-1,-0,1.35964e-07,1,0,-0,1,-1.64442e-13,1.35964e-07,1,0,-5.55063e-08,-1,-0.706093,0,0.708119,-0.999999,0,-0.00108211,0,0,1,-0.000789301,-0.999999,-0.000753044,6.04721e-07,-1,0.00103496,-1,-0,-0,-8.20767e-14,1.35725e-07,1,0.00160616,-0.999998,0.0015277,-0.706093,0,0.70812,0,-0.999996,-0.00290611,-0.999999,0,-0.0010821,-0,-1,0,-0.703982,0,0.710218,-1,-0,0,-0.999999,-7.06034e-11,-0.00108211,0,-1,0,-0,-1,-0,0,-1,-0,-1,0.000693875,-3.00346e-11,0,1.21818e-07,1,0,6.0909e-08,1,0,-0.575804,0.817588,0,-0.575804,0.817588,-0.815022,-0.57943,0,0,-1.69004e-07,-1,-0.815022,-0.57943,0,0,1.69004e-07,1,0.000236085,-0.575804,0.817588,0,-1.69004e-07,-1,-0.81502,-0.579429,-0.00225695,0,1.69004e-07,1,-0.630522,-0.447461,0.634209,0.00317582,0.999994,-0.00156759,0,1,-0,0,1,0,0,-1,1.20387e-07,0,-0.999994,0.00332492,-0.00165762,-0.999994,-0.0029079,0.00297146,-0.999996,0,0.00011894,-1,5.88659e-05,0.00586282,-0.999979,-0.00289971,0.000239198,-1,0,-2.22157e-13,1.83684e-07,1,-4.21988e-07,5.55063e-08,1],
    "materials":[{
        "colorEmissive":[0,0,0],
        "shading":"phong",
        "opacity":1,
        "transparent":false,
        "visible":true,
        "wireframe":false,
        "blending":1,
        "depthTest":true,
        "depthWrite":true,
        "doubleSided":false,
        "DbgName":"Material.001",
        "DbgColor":15658734,
        "DbgIndex":0,
        "colorDiffuse":[0.64,0.64,0.64],
        "specularCoef":50,
        "colorSpecular":[0.5,0.5,0.5]
    },{
        "colorEmissive":[0,0,0],
        "shading":"phong",
        "opacity":1,
        "transparent":false,
        "visible":true,
        "wireframe":false,
        "blending":1,
        "depthTest":true,
        "depthWrite":true,
        "doubleSided":false,
        "DbgName":"Material.002",
        "DbgColor":15597568,
        "DbgIndex":1,
        "colorDiffuse":[0.120899,0.333584,0.64],
        "specularCoef":50,
        "colorSpecular":[0.5,0.5,0.5]
    }]
}