{
    "metadata":{
        "type":"Geometry",
        "generator":"io_three",
        "version":3,
        "vertices":8,
        "normals":3,
        "uvs":0,
        "faces":3
    },
    "vertices":[0.326583,-0.0560952,4.20947,0.326582,0.858258,4.20947,6.80968,-0.0560855,4.20947,6.80968,0.858268,4.20947,0.326583,-0.0560957,-4.18979,0.326583,0.858258,-4.18979,6.76077,-0.0561021,-4.18979,6.76077,0.858251,-4.18979],
    "faces":[33,1,0,4,5,0,0,0,0,33,0,1,3,2,1,1,1,1,33,5,4,6,7,2,2,2,2],
    "uvs":[],
    "normals":[1,6.51877e-08,4.96749e-08,-7.83919e-13,5.21502e-07,-1,-1.04351e-12,-1.043e-06,1]
}