{
    "metadata":{
        "type":"Geometry",
        "generator":"io_three",
        "version":3,
        "vertices":16,
        "normals":12,
        "uvs":0,
        "faces":12
    },
    "vertices":[1.51203,-0.0211394,1.97325,2.01245,-0.0211393,3.97325,-2.01245,-0.0211393,3.97325,-1.46851,-0.0211394,1.97325,1.51203,0.97178,1.97325,2.01245,0.971781,3.97325,-2.01245,0.971781,3.97325,-1.46851,0.97178,1.97325,2.27147,2.52013,9.53559,2.27147,4.52013,9.53559,2.27147,2.52013,7.53559,2.27147,4.52013,7.53559,4.27147,2.52013,9.53559,4.27147,4.52013,9.53559,4.27147,2.52013,7.53559,4.27147,4.52013,7.53559],
    "faces":[33,0,1,2,3,0,0,0,0,33,4,7,6,5,1,1,1,1,33,0,4,5,1,2,2,2,2,33,1,5,6,2,3,3,3,3,33,2,6,7,3,4,4,4,4,33,4,0,3,7,5,5,5,5,33,8,9,11,10,6,6,6,6,33,10,11,15,14,7,7,7,7,33,14,15,13,12,8,8,8,8,33,12,13,9,8,9,9,9,9,33,10,14,12,8,10,10,10,10,33,15,11,9,13,11,11,11,11],
    "uvs":[],
    "normals":[-3.04282e-15,-1,2.98023e-08,1.21713e-14,1,-5.96047e-08,0.970095,2.32938e-07,-0.242727,-1.4809e-07,-1.20059e-07,1,-0.964949,-5.79256e-07,-0.262436,1.39985e-07,4.20208e-07,-1,-1,0,0,-0,0,-1,1,0,0,-0,0,1,0,-1,-0,0,1,0]
}